cell_id,lat,lon,nearest_dist_km,is_estimated,Ward_No,Ward_Name,distance_to_ward
0,28.4,76.8,22.821,1,133,CHHAWLA,15963.545791078815
1,28.4,76.815385,21.366,1,133,CHHAWLA,15005.746802137335
2,28.4,76.830769,19.917,1,133,CHHAWLA,14190.76384732492
3,28.4,76.846154,18.477,1,133,CHHAWLA,13544.287549978346
4,28.4,76.861538,17.049,1,133,CHHAWLA,13091.394422917225
5,28.4,76.876923,15.635,1,133,CHHAWLA,12852.503974021727
6,28.4,76.892308,14.24,1,133,CHHAWLA,12760.145163807105
7,28.4,76.907692,12.869,1,133,CHHAWLA,12878.086330646924
8,28.4,76.923077,11.531,1,133,CHHAWLA,13218.746496274802
9,28.4,76.938462,10.24,1,133,CHHAWLA,13232.719044047104
10,28.4,76.953846,9.015,1,133,CHHAWLA,13250.736884514992
11,28.4,76.969231,7.888,1,133,CHHAWLA,13385.308682055616
12,28.4,76.984615,6.905,1,133,CHHAWLA,13722.225518194116
13,28.4,77.0,6.138,1,133,CHHAWLA,14255.223718671516
14,28.4,77.015385,5.618,1,175,AYA NAGAR,13132.750443399938
15,28.4,77.030769,4.327,1,175,AYA NAGAR,11601.744737161414
16,28.4,77.046154,3.226,1,175,AYA NAGAR,10128.94456609051
17,28.4,77.061538,2.289,1,175,AYA NAGAR,8744.049747102052
18,28.4,77.076923,0.813,1,175,AYA NAGAR,7495.715233142443
19,28.4,77.092308,0.784,0,175,AYA NAGAR,6463.70097423099
20,28.4,77.107692,2.258,1,175,AYA NAGAR,5726.634093509547
21,28.4,77.123077,3.572,1,175,AYA NAGAR,5030.66914839388
22,28.4,77.138462,2.722,1,175,AYA NAGAR,3490.309136968516
23,28.4,77.153846,2.567,1,175,AYA NAGAR,2125.663170794293
24,28.4,77.169231,3.209,1,175,AYA NAGAR,771.2502024743126
25,28.4,77.184615,4.305,1,175,AYA NAGAR,991.5356800302212
26,28.4,77.2,5.594,1,176,BHATI,1028.0968999156314
27,28.4,77.215385,6.97,1,176,BHATI,1214.0661344928967
28,28.4,77.230769,7.803,1,176,BHATI,1702.0284952964598
29,28.4,77.246154,6.313,1,176,BHATI,2424.487014710983
30,28.4,77.261538,4.832,1,176,BHATI,3322.086697494133
31,28.4,77.276923,3.373,1,176,BHATI,4307.57961756003
32,28.4,77.292308,1.982,1,176,BHATI,5649.25344228758
33,28.4,77.307692,1.007,1,176,BHATI,7132.471253058135
34,28.4,77.323077,1.447,1,176,BHATI,8655.349456562799
35,28.4,77.338462,2.664,1,176,BHATI,10234.56384138949
36,28.4,77.353846,4.078,1,204,MOLARBAND,11476.992025831114
37,28.4,77.369231,5.54,1,204,MOLARBAND,12213.527569503052
38,28.4,77.384615,7.02,1,202,MEETHEYPUR,13064.268801397551
39,28.4,77.4,8.508,1,202,MEETHEYPUR,13987.36786953118
40,28.412821,76.8,21.841,1,133,CHHAWLA,14692.638386510014
41,28.412821,76.815385,20.975,1,133,CHHAWLA,13645.924872383415
42,28.412821,76.830769,19.565,1,133,CHHAWLA,12744.277425708427
43,28.412821,76.846154,18.098,1,133,CHHAWLA,12020.25597769764
44,28.412821,76.861538,16.637,1,133,CHHAWLA,11507.538245396609
45,28.412821,76.876923,15.185,1,133,CHHAWLA,11235.020557841524
46,28.412821,76.892308,13.744,1,133,CHHAWLA,11137.55399545683
47,28.412821,76.907692,12.318,1,133,CHHAWLA,11272.484727861987
48,28.412821,76.923077,10.913,1,133,CHHAWLA,11660.148512478903
49,28.412821,76.938462,9.539,1,133,CHHAWLA,11611.605395309747
50,28.412821,76.953846,8.21,1,133,CHHAWLA,11628.816792635014
51,28.412821,76.969231,6.954,1,133,CHHAWLA,11781.209809208283
52,28.412821,76.984615,5.816,1,133,CHHAWLA,12160.241592791655
53,28.412821,77.0,4.881,1,133,CHHAWLA,12758.660027301356
54,28.412821,77.015385,4.283,1,175,AYA NAGAR,12536.43312271213
55,28.412821,77.030769,3.682,1,175,AYA NAGAR,10922.156480194975
56,28.412821,77.046154,2.29,1,175,AYA NAGAR,9342.833577376134
57,28.412821,77.061538,1.209,1,175,AYA NAGAR,7819.937800993557
58,28.412821,77.076923,1.389,1,175,AYA NAGAR,6393.650607280333
59,28.412821,77.092308,1.372,1,175,AYA NAGAR,5145.1386294139
60,28.412821,77.107692,2.523,1,175,AYA NAGAR,4234.718637710413
61,28.412821,77.123077,2.757,1,175,AYA NAGAR,3519.167425173803
62,28.412821,77.138462,1.501,1,175,AYA NAGAR,2965.6318111863043
63,28.412821,77.153846,1.197,1,175,AYA NAGAR,1267.9587966321676
64,28.412821,77.169231,2.267,1,175,AYA NAGAR,0.0
65,28.412821,77.184615,3.657,1,175,AYA NAGAR,0.0
66,28.412821,77.2,5.112,1,176,BHATI,0.0
67,28.412821,77.215385,6.59,1,176,BHATI,0.0
68,28.412821,77.230769,7.753,1,176,BHATI,219.63059960973663
69,28.412821,77.246154,6.251,1,176,BHATI,1145.284856404756
70,28.412821,77.261538,4.751,1,176,BHATI,1950.3476644693665
71,28.412821,77.276923,3.256,1,176,BHATI,3351.687298026296
72,28.412821,77.292308,1.777,1,176,BHATI,4865.884833125222
73,28.412821,77.307692,0.493,0,176,BHATI,6457.587849818359
74,28.412821,77.323077,0.958,0,176,BHATI,8093.644375525553
75,28.412821,77.338462,2.433,1,204,MOLARBAND,9365.819359467554
76,28.412821,77.353846,3.93,1,204,MOLARBAND,9993.4172175872
77,28.412821,77.369231,5.432,1,204,MOLARBAND,10818.962318997366
78,28.412821,77.384615,6.935,1,202,MEETHEYPUR,11679.457957432624
79,28.412821,77.4,8.303,1,202,MEETHEYPUR,12703.585272743285
80,28.425641,76.8,20.716,1,133,CHHAWLA,13497.286554703209
81,28.425641,76.815385,19.802,1,133,CHHAWLA,12349.67154242398
82,28.425641,76.830769,18.963,1,133,CHHAWLA,11345.471726043206
83,28.425641,76.846154,17.824,1,133,CHHAWLA,10525.667454009756
84,28.425641,76.861538,16.339,1,133,CHHAWLA,9936.123894773556
85,28.425641,76.876923,14.858,1,133,CHHAWLA,9619.189597785567
86,28.425641,76.892308,13.382,1,133,CHHAWLA,9514.894346010971
87,28.425641,76.907692,11.913,1,133,CHHAWLA,9672.487650750292
88,28.425641,76.923077,10.454,1,133,CHHAWLA,10121.61887975926
89,28.425641,76.938462,9.01,1,133,CHHAWLA,9990.903006273198
90,28.425641,76.953846,7.59,1,133,CHHAWLA,10006.826873671622
91,28.425641,76.969231,6.209,1,133,CHHAWLA,10181.47914999371
92,28.425641,76.984615,4.902,1,133,CHHAWLA,10616.388647658368
93,28.425641,77.0,3.745,1,133,CHHAWLA,11166.883853693991
94,28.425641,77.015385,2.924,1,133,CHHAWLA,11284.047615555315
95,28.425641,77.030769,2.757,1,175,AYA NAGAR,10452.360251280485
96,28.425641,77.046154,2.036,1,175,AYA NAGAR,8789.019962386597
97,28.425641,77.061538,0.601,0,175,AYA NAGAR,7149.109025332534
98,28.425641,77.076923,1.052,1,175,AYA NAGAR,5553.116308223638
99,28.425641,77.092308,2.525,1,175,AYA NAGAR,4053.490367642472
100,28.425641,77.107692,3.42,1,175,AYA NAGAR,2809.1234549686656
101,28.425641,77.123077,2.3,1,175,AYA NAGAR,2060.29048691576
102,28.425641,77.138462,0.813,0,175,AYA NAGAR,1435.9811664656177
103,28.425641,77.153846,0.581,0,175,AYA NAGAR,784.7053648908775
104,28.425641,77.169231,2.011,1,175,AYA NAGAR,0.0
105,28.425641,77.184615,3.504,1,175,AYA NAGAR,0.0
106,28.425641,77.2,5.004,1,176,BHATI,0.0
107,28.425641,77.215385,6.506,1,176,BHATI,0.0
108,28.425641,77.230769,7.962,1,176,BHATI,0.0
109,28.425641,77.246154,6.509,1,176,BHATI,0.0
110,28.425641,77.261538,5.086,1,176,BHATI,1079.1691461472828
111,28.425641,77.276923,3.728,1,176,BHATI,2712.4035517252714
112,28.425641,77.292308,2.54,1,176,BHATI,4390.22659863753
113,28.425641,77.307692,1.825,1,176,BHATI,6087.352170177604
114,28.425641,77.323077,1.791,1,204,MOLARBAND,7405.792089359533
115,28.425641,77.338462,2.424,1,204,MOLARBAND,7828.249948091849
116,28.425641,77.353846,3.615,1,204,MOLARBAND,8544.744888954448
117,28.425641,77.369231,4.979,1,202,MEETHEYPUR,9397.068977149404
118,28.425641,77.384615,6.406,1,202,MEETHEYPUR,10363.824210084586
119,28.425641,77.4,7.862,1,202,MEETHEYPUR,11505.659166686592
120,28.438462,76.8,19.63,1,133,CHHAWLA,12350.355006092408
121,28.438462,76.815385,18.663,1,133,CHHAWLA,11139.050920005013
122,28.438462,76.830769,17.77,1,133,CHHAWLA,10014.179790634558
123,28.438462,76.846154,16.964,1,133,CHHAWLA,9074.896337981389
124,28.438462,76.861538,16.162,1,133,CHHAWLA,8383.950515419194
125,28.438462,76.876923,14.663,1,133,CHHAWLA,8005.80268997768
126,28.438462,76.892308,13.165,1,133,CHHAWLA,7891.9137904814625
127,28.438462,76.907692,11.669,1,133,CHHAWLA,8081.219351963961
128,28.438462,76.923077,10.176,1,133,CHHAWLA,8613.40229447788
129,28.438462,76.938462,8.686,1,133,CHHAWLA,8370.638612366567
130,28.438462,76.953846,7.202,1,133,CHHAWLA,8384.513958288408
131,28.438462,76.969231,5.729,1,133,CHHAWLA,8588.32955260792
132,28.438462,76.984615,4.277,1,133,CHHAWLA,9099.703002877148
133,28.438462,77.0,2.88,1,133,CHHAWLA,9551.549594299
134,28.438462,77.015385,1.68,1,133,CHHAWLA,9663.275053505891
135,28.438462,77.030769,1.368,1,175,AYA NAGAR,9816.652435507223
136,28.438462,77.046154,2.334,1,175,AYA NAGAR,8295.249698504926
137,28.438462,77.061538,1.824,1,175,AYA NAGAR,6806.889870724066
138,28.438462,77.076923,2.018,1,175,AYA NAGAR,5105.006423966
139,28.438462,77.092308,3.056,1,175,AYA NAGAR,3413.908905733294
140,28.438462,77.107692,3.986,1,175,AYA NAGAR,1764.9828444859977
141,28.438462,77.123077,2.595,1,175,AYA NAGAR,629.9760981942491
142,28.438462,77.138462,1.45,1,175,AYA NAGAR,0.0
143,28.438462,77.153846,1.415,1,175,AYA NAGAR,0.0
144,28.438462,77.169231,2.535,1,175,AYA NAGAR,0.0
145,28.438462,77.184615,3.905,1,176,BHATI,0.0
146,28.438462,77.2,5.292,1,176,BHATI,0.0
147,28.438462,77.215385,6.289,1,176,BHATI,0.0
148,28.438462,77.230769,6.782,1,176,BHATI,0.0
149,28.438462,77.246154,6.929,1,176,BHATI,0.0
150,28.438462,77.261538,5.764,1,176,BHATI,1188.4868831306685
151,28.438462,77.276923,4.393,1,176,BHATI,2783.102041238184
152,28.438462,77.292308,2.896,1,176,BHATI,4434.233619178447
153,28.438462,77.307692,1.416,1,204,MOLARBAND,5753.405558097363
154,28.438462,77.323077,0.384,0,204,MOLARBAND,5802.678152680684
155,28.438462,77.338462,1.678,1,204,MOLARBAND,6332.8177841403485
156,28.438462,77.353846,3.164,1,202,MEETHEYPUR,7164.27696193292
157,28.438462,77.369231,4.661,1,202,MEETHEYPUR,8035.290983515843
158,28.438462,77.384615,6.162,1,202,MEETHEYPUR,9147.122393736878
159,28.438462,77.4,7.664,1,202,MEETHEYPUR,10423.108398574124
160,28.451282,76.8,18.59,1,133,CHHAWLA,11300.977631681786
161,28.451282,76.815385,17.566,1,133,CHHAWLA,9991.116598457173
162,28.451282,76.830769,16.615,1,133,CHHAWLA,8781.523769031795
163,28.451282,76.846154,15.75,1,133,CHHAWLA,7693.185710225954
164,28.451282,76.861538,14.986,1,133,CHHAWLA,6864.545802302914
165,28.451282,76.876923,14.339,1,133,CHHAWLA,6397.205603837558
166,28.451282,76.892308,13.101,1,133,CHHAWLA,6268.867103450781
167,28.451282,76.907692,11.597,1,133,CHHAWLA,6505.574355803853
168,28.451282,76.923077,10.093,1,133,CHHAWLA,7047.562773142002
169,28.451282,76.938462,8.589,1,133,CHHAWLA,6751.612884617814
170,28.451282,76.953846,7.085,1,133,CHHAWLA,6762.13098885096
171,28.451282,76.969231,5.581,1,133,CHHAWLA,7008.817489821112
172,28.451282,76.984615,4.078,1,133,CHHAWLA,7626.841603310977
173,28.451282,77.0,2.575,1,133,CHHAWLA,7939.268333987407
174,28.451282,77.015385,1.075,1,133,CHHAWLA,8043.32614163701
175,28.451282,77.030769,0.455,0,133,CHHAWLA,8336.429991376908
176,28.451282,77.046154,1.945,1,175,AYA NAGAR,7616.231887637156
177,28.451282,77.061538,3.218,1,175,AYA NAGAR,6026.529047421516
178,28.451282,77.076923,3.332,1,175,AYA NAGAR,4525.727793102924
179,28.451282,77.092308,4.046,1,175,AYA NAGAR,3114.08582314995
180,28.451282,77.107692,3.463,1,175,AYA NAGAR,1606.4772684142326
181,28.451282,77.123077,2.688,1,175,AYA NAGAR,0.0
182,28.451282,77.138462,2.642,1,175,AYA NAGAR,0.0
183,28.451282,77.153846,2.74,1,175,AYA NAGAR,0.0
184,28.451282,77.169231,3.454,1,176,BHATI,0.0
185,28.451282,77.184615,4.57,1,176,BHATI,0.0
186,28.451282,77.2,4.71,1,176,BHATI,0.0
187,28.451282,77.215385,4.909,1,176,BHATI,0.0
188,28.451282,77.230769,5.527,1,176,BHATI,0.0
189,28.451282,77.246154,5.566,1,176,BHATI,141.9856216165515
190,28.451282,77.261538,5.268,1,176,BHATI,1458.860773410033
191,28.451282,77.276923,4.506,1,176,BHATI,3061.6567269479
192,28.451282,77.292308,3.065,1,176,BHATI,4739.044232264171
193,28.451282,77.307692,1.735,1,204,MOLARBAND,4146.637309341934
194,28.451282,77.323077,1.074,1,204,MOLARBAND,4214.7359588565705
195,28.451282,77.338462,1.955,1,204,MOLARBAND,4876.3467528601295
196,28.451282,77.353846,3.319,1,202,MEETHEYPUR,5731.959322149047
197,28.451282,77.369231,4.768,1,202,MEETHEYPUR,6789.285269692207
198,28.451282,77.384615,6.243,1,202,MEETHEYPUR,8074.548988611763
199,28.451282,77.4,7.729,1,202,MEETHEYPUR,9495.771794431195
200,28.464103,76.8,17.604,1,133,CHHAWLA,10393.739776198288
201,28.464103,76.815385,16.519,1,133,CHHAWLA,8957.548963233752
202,28.464103,76.830769,15.504,1,133,CHHAWLA,7631.938351384004
203,28.464103,76.846154,14.573,1,133,CHHAWLA,6425.111958002321
204,28.464103,76.861538,13.744,1,133,CHHAWLA,5405.455241952723
205,28.464103,76.876923,13.036,1,133,CHHAWLA,4798.040937571319
206,28.464103,76.892308,12.47,1,133,CHHAWLA,4645.505095121628
207,28.464103,76.907692,11.699,1,133,CHHAWLA,4960.29439922333
208,28.464103,76.923077,10.211,1,133,CHHAWLA,5425.603111163108
209,28.464103,76.938462,8.727,1,133,CHHAWLA,5134.812052340943
210,28.464103,76.953846,7.252,1,133,CHHAWLA,5139.510686383935
211,28.464103,76.969231,5.792,1,133,CHHAWLA,5454.625817580744
212,28.464103,76.984615,4.362,1,133,CHHAWLA,6210.546859084579
213,28.464103,77.0,3.005,1,133,CHHAWLA,6332.176211974581
214,28.464103,77.015385,1.886,1,133,CHHAWLA,6424.624625340431
215,28.464103,77.030769,1.615,1,133,CHHAWLA,6787.987268470512
216,28.464103,77.046154,2.486,1,141,BIJWASAN,6289.558350435705
217,28.464103,77.061538,3.779,1,175,AYA NAGAR,5548.2367692847965
218,28.464103,77.076923,4.711,1,175,AYA NAGAR,3867.78199604517
219,28.464103,77.092308,4.004,1,175,AYA NAGAR,2236.713312241074
220,28.464103,77.107692,2.596,1,175,AYA NAGAR,776.4496874169547
221,28.464103,77.123077,1.404,1,175,AYA NAGAR,0.0
222,28.464103,77.138462,1.313,1,175,AYA NAGAR,0.0
223,28.464103,77.153846,2.45,1,175,AYA NAGAR,0.0
224,28.464103,77.169231,3.847,1,176,BHATI,0.0
225,28.464103,77.184615,3.659,1,176,BHATI,0.0
226,28.464103,77.2,3.285,1,176,BHATI,0.0
227,28.464103,77.215385,3.565,1,176,BHATI,0.0
228,28.464103,77.230769,4.376,1,177,SAID UL AJAIB,0.0
229,28.464103,77.246154,4.246,1,177,SAID UL AJAIB,1431.1073888816472
230,28.464103,77.261538,3.846,1,176,BHATI,2458.8673522682348
231,28.464103,77.276923,4.01,1,198,PUL PEHLAD,2938.838614555528
232,28.464103,77.292308,3.803,1,199,TEKHAND,3353.894949530852
233,28.464103,77.307692,2.843,1,204,MOLARBAND,2560.1890334167774
234,28.464103,77.323077,2.495,1,204,MOLARBAND,2669.0758914799767
235,28.464103,77.338462,2.982,1,202,MEETHEYPUR,3503.994253263528
236,28.464103,77.353846,4.01,1,202,MEETHEYPUR,4432.875071993452
237,28.464103,77.369231,5.272,1,202,MEETHEYPUR,5734.929660108237
238,28.464103,77.384615,6.636,1,202,MEETHEYPUR,7210.642488892432
239,28.464103,77.4,8.05,1,202,MEETHEYPUR,8647.764309351938
240,28.476923,76.8,16.682,1,133,CHHAWLA,9675.628342400363
241,28.476923,76.815385,15.533,1,133,CHHAWLA,8113.300235641772
242,28.476923,76.830769,14.449,1,133,CHHAWLA,6625.788606716572
243,28.476923,76.846154,13.445,1,133,CHHAWLA,5273.092130241979
244,28.476923,76.861538,12.542,1,133,CHHAWLA,4072.616715980215
245,28.476923,76.876923,11.762,1,133,CHHAWLA,3223.112995403289
246,28.476923,76.892308,11.132,1,133,CHHAWLA,3022.0939220944947
247,28.476923,76.907692,10.677,1,133,CHHAWLA,3482.5240526840207
248,28.476923,76.923077,10.421,1,133,CHHAWLA,3804.786408561959
249,28.476923,76.938462,9.089,1,133,CHHAWLA,3523.997640773779
250,28.476923,76.953846,7.684,1,133,CHHAWLA,3517.481266096887
251,28.476923,76.969231,6.325,1,133,CHHAWLA,3956.3370300069
252,28.476923,76.984615,5.049,1,133,CHHAWLA,4683.2414482696495
253,28.476923,77.0,3.936,1,133,CHHAWLA,4736.139225049713
254,28.476923,77.015385,3.165,1,133,CHHAWLA,4809.009467541707
255,28.476923,77.030769,3.012,1,133,CHHAWLA,5284.651515406938
256,28.476923,77.046154,3.556,1,141,BIJWASAN,4726.469976739832
257,28.476923,77.061538,4.554,1,141,BIJWASAN,4467.1077562792525
258,28.476923,77.076923,5.353,1,175,AYA NAGAR,3833.334752492484
259,28.476923,77.092308,3.852,1,175,AYA NAGAR,2176.6038217580813
260,28.476923,77.107692,2.356,1,175,AYA NAGAR,689.7006850355848
261,28.476923,77.123077,0.885,1,175,AYA NAGAR,0.0
262,28.476923,77.138462,0.733,0,175,AYA NAGAR,0.0
263,28.476923,77.153846,2.194,1,175,AYA NAGAR,0.0
264,28.476923,77.169231,3.631,1,176,BHATI,0.0
265,28.476923,77.184615,2.462,1,176,BHATI,0.0
266,28.476923,77.2,1.861,1,176,BHATI,0.0
267,28.476923,77.215385,2.32,1,177,SAID UL AJAIB,0.0
268,28.476923,77.230769,3.439,1,177,SAID UL AJAIB,0.0
269,28.476923,77.246154,3.021,1,177,SAID UL AJAIB,195.05824646705383
270,28.476923,77.261538,2.429,1,186,SANGAM VIHAR WEST,997.9171952536752
271,28.476923,77.276923,2.681,1,198,PUL PEHLAD,1379.6586360565807
272,28.476923,77.292308,3.606,1,199,TEKHAND,1842.637893123186
273,28.476923,77.307692,4.149,1,204,MOLARBAND,1088.6471463753455
274,28.476923,77.323077,3.919,1,204,MOLARBAND,1217.527126590035
275,28.476923,77.338462,4.246,1,202,MEETHEYPUR,2084.1080059137885
276,28.476923,77.353846,5.021,1,202,MEETHEYPUR,3422.8514220326715
277,28.476923,77.369231,6.077,1,202,MEETHEYPUR,4902.565052991048
278,28.476923,77.384615,7.292,1,201,JAITPUR,6313.079730852593
279,28.476923,77.4,8.598,1,201,JAITPUR,7618.143328794792
280,28.489744,76.8,15.769,1,140,KHERA,9163.103228730908
281,28.489744,76.815385,14.619,1,133,CHHAWLA,7528.844119565959
282,28.489744,76.830769,13.462,1,133,CHHAWLA,5895.670252308318
283,28.489744,76.846154,12.379,1,133,CHHAWLA,4324.244259673882
284,28.489744,76.861538,11.391,1,133,CHHAWLA,2914.7139973139224
285,28.489744,76.876923,10.527,1,133,CHHAWLA,1739.5311109624588
286,28.489744,76.892308,9.817,1,133,CHHAWLA,1398.453869173061
287,28.489744,76.907692,9.299,1,133,CHHAWLA,2201.138180556866
288,28.489744,76.923077,9.004,1,133,CHHAWLA,2187.559479059704
289,28.489744,76.938462,8.955,1,133,CHHAWLA,1934.1179618049584
290,28.489744,76.953846,8.341,1,133,CHHAWLA,1897.5638073170448
291,28.489744,76.969231,7.109,1,133,CHHAWLA,2564.209298607232
292,28.489744,76.984615,6.001,1,133,CHHAWLA,3088.131588691498
293,28.489744,77.0,5.101,1,133,CHHAWLA,3167.77856002246
294,28.489744,77.015385,4.533,1,133,CHHAWLA,3201.0143928053594
295,28.489744,77.030769,4.427,1,141,BIJWASAN,3809.109139156057
296,28.489744,77.046154,4.814,1,141,BIJWASAN,3192.789830903352
297,28.489744,77.061538,5.592,1,141,BIJWASAN,2843.4066813070262
298,28.489744,77.076923,5.615,1,172,KISHANGARH,3000.079590631084
299,28.489744,77.092308,4.209,1,172,KISHANGARH,1982.0482018242
300,28.489744,77.107692,2.903,1,175,AYA NAGAR,1195.178429876803
301,28.489744,77.123077,1.913,1,174,CHHATARPUR,0.0
302,28.489744,77.138462,1.847,1,174,CHHATARPUR,0.0
303,28.489744,77.153846,2.773,1,174,CHHATARPUR,0.0
304,28.489744,77.169231,3.15,1,176,BHATI,0.0
305,28.489744,77.184615,1.673,1,174,CHHATARPUR,0.0
306,28.489744,77.2,0.446,0,173,DEOLI,0.0
307,28.489744,77.215385,1.456,1,173,DEOLI,0.0
308,28.489744,77.230769,2.926,1,178,SANGAM VIHAR,0.0
309,28.489744,77.246154,2.073,1,187,SANGAM VIHAR CENTRAL,0.0
310,28.489744,77.261538,1.033,1,188,SANGAM VIHAR EAST,0.0
311,28.489744,77.276923,1.535,1,198,PUL PEHLAD,392.4478487044416
312,28.489744,77.292308,2.858,1,198,PUL PEHLAD,631.6834475399306
313,28.489744,77.307692,4.301,1,203,BADAR PUR,0.0
314,28.489744,77.323077,5.344,1,202,MEETHEYPUR,0.0
315,28.489744,77.338462,5.588,1,202,MEETHEYPUR,1170.809406177082
316,28.489744,77.353846,6.198,1,202,MEETHEYPUR,2570.0242235795536
317,28.489744,77.369231,7.08,1,201,JAITPUR,3956.704749276504
318,28.489744,77.384615,8.146,1,201,JAITPUR,5278.903878971587
319,28.489744,77.4,8.859,1,201,JAITPUR,6762.698651092015
320,28.502564,76.8,14.752,1,140,KHERA,7870.780588570802
321,28.502564,76.815385,13.702,1,140,KHERA,6876.083937617143
322,28.502564,76.830769,12.559,1,133,CHHAWLA,5557.879304326395
323,28.502564,76.846154,11.391,1,133,CHHAWLA,3850.997670062778
324,28.502564,76.861538,10.31,1,133,CHHAWLA,2153.406190494935
325,28.502564,76.876923,9.346,1,133,CHHAWLA,556.2167517535196
326,28.502564,76.892308,8.539,1,133,CHHAWLA,0.0
327,28.502564,76.907692,7.937,1,133,CHHAWLA,987.4546407437234
328,28.502564,76.923077,7.59,1,133,CHHAWLA,599.1516393333015
329,28.502564,76.938462,7.532,1,133,CHHAWLA,461.66545739851904
330,28.502564,76.953846,7.77,1,133,CHHAWLA,292.34764574405165
331,28.502564,76.969231,8.07,1,133,CHHAWLA,1316.8822923125383
332,28.502564,76.984615,7.114,1,133,CHHAWLA,1553.4145261302194
333,28.502564,77.0,6.373,1,133,CHHAWLA,1706.378465598886
334,28.502564,77.015385,5.928,1,133,CHHAWLA,1624.6517851206593
335,28.502564,77.030769,5.847,1,141,BIJWASAN,2467.213386805731
336,28.502564,77.046154,6.145,1,141,BIJWASAN,1710.9710897709544
337,28.502564,77.061538,6.772,1,141,BIJWASAN,1219.833789891872
338,28.502564,77.076923,6.202,1,141,BIJWASAN,1612.6438006460714
339,28.502564,77.092308,4.965,1,172,KISHANGARH,651.734622961393
340,28.502564,77.107692,3.92,1,172,KISHANGARH,0.0
341,28.502564,77.123077,3.256,1,172,KISHANGARH,0.0
342,28.502564,77.138462,2.875,1,172,KISHANGARH,0.0
343,28.502564,77.153846,2.709,1,172,KISHANGARH,0.0
344,28.502564,77.169231,3.275,1,174,CHHATARPUR,0.0
345,28.502564,77.184615,1.898,1,174,CHHATARPUR,0.0
346,28.502564,77.2,1.001,1,173,DEOLI,0.0
347,28.502564,77.215385,1.709,1,173,DEOLI,0.0
348,28.502564,77.230769,3.06,1,179,TIGRI,0.0
349,28.502564,77.246154,1.879,1,186,SANGAM VIHAR WEST,0.0
350,28.502564,77.261538,0.549,0,188,SANGAM VIHAR EAST,0.0
351,28.502564,77.276923,1.261,1,198,PUL PEHLAD,0.0
352,28.502564,77.292308,2.721,1,197,TUGHLAKABAD,0.0
353,28.502564,77.307692,4.211,1,203,BADAR PUR,0.0
354,28.502564,77.323077,4.692,1,202,MEETHEYPUR,0.0
355,28.502564,77.338462,4.925,1,201,JAITPUR,302.6638200029745
356,28.502564,77.353846,5.57,1,201,JAITPUR,1603.640934981298
357,28.502564,77.369231,6.504,1,201,JAITPUR,2972.806890661975
358,28.502564,77.384615,7.468,1,201,JAITPUR,4564.856595588431
359,28.502564,77.4,7.437,1,207,MADANPUR KHADAR,6195.584697893336
360,28.515385,76.8,13.807,1,140,KHERA,6702.034061880952
361,28.515385,76.815385,12.68,1,140,KHERA,5529.031519642083
362,28.515385,76.830769,11.638,1,140,KHERA,4662.217487654459
363,28.515385,76.846154,10.505,1,140,KHERA,3506.125591405842
364,28.515385,76.861538,9.321,1,133,CHHAWLA,2111.426985752206
365,28.515385,76.876923,8.243,1,133,CHHAWLA,804.6923866124206
366,28.515385,76.892308,7.315,1,133,CHHAWLA,0.0
367,28.515385,76.907692,6.603,1,133,CHHAWLA,0.0
368,28.515385,76.923077,6.181,1,133,CHHAWLA,0.0
369,28.515385,76.938462,6.109,1,133,CHHAWLA,0.0
370,28.515385,76.953846,6.4,1,133,CHHAWLA,0.0
371,28.515385,76.969231,7.008,1,133,CHHAWLA,0.0
372,28.515385,76.984615,7.861,1,133,CHHAWLA,106.10118614918068
373,28.515385,77.0,7.699,1,133,CHHAWLA,303.09864623965905
374,28.515385,77.015385,7.335,1,133,CHHAWLA,370.74686135536695
375,28.515385,77.030769,7.27,1,133,CHHAWLA,1692.513978188172
376,28.515385,77.046154,6.679,1,141,BIJWASAN,151.97839562792265
377,28.515385,77.061538,5.888,1,141,BIJWASAN,0.0
378,28.515385,77.076923,5.234,1,143,KAPASHERA,396.7896143606461
379,28.515385,77.092308,4.964,1,143,KAPASHERA,0.0
380,28.515385,77.107692,4.252,1,172,KISHANGARH,0.0
381,28.515385,77.123077,2.849,1,172,KISHANGARH,0.0
382,28.515385,77.138462,1.636,1,172,KISHANGARH,0.0
383,28.515385,77.153846,1.324,1,172,KISHANGARH,0.0
384,28.515385,77.169231,2.312,1,169,LADOSARAI,0.0
385,28.515385,77.184615,1.856,1,170,MEHRAULI,0.0
386,28.515385,77.2,2.019,1,173,DEOLI,0.0
387,28.515385,77.215385,2.791,1,181,KHANPUR,0.0
388,28.515385,77.230769,3.772,1,181,KHANPUR,0.0
389,28.515385,77.246154,2.613,1,185,TUGHLAKABAD EXTN,0.0
390,28.515385,77.261538,1.897,1,197,TUGHLAKABAD,0.0
391,28.515385,77.276923,1.8,1,197,TUGHLAKABAD,0.0
392,28.515385,77.292308,2.676,1,199,TEKHAND,0.0
393,28.515385,77.307692,3.598,1,207,MADANPUR KHADAR,0.0
394,28.515385,77.323077,3.266,1,201,JAITPUR,0.0
395,28.515385,77.338462,3.594,1,201,JAITPUR,0.0
396,28.515385,77.353846,4.436,1,207,MADANPUR KHADAR,813.5489464921009
397,28.515385,77.369231,5.564,1,207,MADANPUR KHADAR,2472.891000821972
398,28.515385,77.384615,6.055,1,207,MADANPUR KHADAR,4175.374840283835
399,28.515385,77.4,6.017,1,207,MADANPUR KHADAR,5881.62925899595
400,28.528205,76.8,12.951,1,140,KHERA,5758.541025341403
401,28.528205,76.815385,11.742,1,140,KHERA,4344.097985662078
402,28.528205,76.830769,10.608,1,140,KHERA,3209.580318763118
403,28.528205,76.846154,9.577,1,140,KHERA,2570.7676587482947
404,28.528205,76.861538,8.458,1,140,KHERA,1146.4980532049417
405,28.528205,76.876923,7.253,1,133,CHHAWLA,0.0
406,28.528205,76.892308,6.178,1,133,CHHAWLA,0.0
407,28.528205,76.907692,5.316,1,133,CHHAWLA,0.0
408,28.528205,76.923077,4.782,1,133,CHHAWLA,0.0
409,28.528205,76.938462,4.689,1,133,CHHAWLA,0.0
410,28.528205,76.953846,5.062,1,133,CHHAWLA,0.0
411,28.528205,76.969231,5.812,1,133,CHHAWLA,0.0
412,28.528205,76.984615,6.815,1,133,CHHAWLA,0.0
413,28.528205,77.0,7.977,1,133,CHHAWLA,0.0
414,28.528205,77.015385,7.29,1,133,CHHAWLA,501.8595533187486
415,28.528205,77.030769,6.23,1,141,BIJWASAN,398.0606555214552
416,28.528205,77.046154,5.385,1,141,BIJWASAN,0.0
417,28.528205,77.061538,4.749,1,143,KAPASHERA,0.0
418,28.528205,77.076923,3.909,1,143,KAPASHERA,0.0
419,28.528205,77.092308,3.539,1,143,KAPASHERA,0.0
420,28.528205,77.107692,3.78,1,172,KISHANGARH,0.0
421,28.528205,77.123077,2.568,1,144,MAHIPALPUR,0.0
422,28.528205,77.138462,1.074,1,144,MAHIPALPUR,0.0
423,28.528205,77.153846,0.479,0,172,KISHANGARH,0.0
424,28.528205,77.169231,1.393,1,171,VASANTKUNJ,0.0
425,28.528205,77.184615,0.644,0,169,LADOSARAI,0.0
426,28.528205,77.2,1.023,1,169,LADOSARAI,0.0
427,28.528205,77.215385,2.471,1,169,LADOSARAI,0.0
428,28.528205,77.230769,2.707,1,184,PUSHP VIHAR,0.0
429,28.528205,77.246154,2.442,1,189,CHIRAG DELHI,0.0
430,28.528205,77.261538,0.992,1,195,GOVIND PURI,0.0
431,28.528205,77.276923,0.624,0,199,TEKHAND,0.0
432,28.528205,77.292308,2.077,1,208,SARITA VIHAR,0.0
433,28.528205,77.307692,2.38,1,207,MADANPUR KHADAR,0.0
434,28.528205,77.323077,1.841,1,207,MADANPUR KHADAR,0.0
435,28.528205,77.338462,2.373,1,207,MADANPUR KHADAR,444.4770762365079
436,28.528205,77.353846,3.521,1,207,MADANPUR KHADAR,1207.6341341717991
437,28.528205,77.369231,4.866,1,207,MADANPUR KHADAR,2612.02036489661
438,28.528205,77.384615,4.65,1,207,MADANPUR KHADAR,4248.804833364922
439,28.528205,77.4,4.601,1,207,MADANPUR KHADAR,5928.6521652539095
440,28.541026,76.8,12.202,1,140,KHERA,5091.357979225757
441,28.541026,76.815385,10.911,1,140,KHERA,3519.981850454526
442,28.541026,76.830769,9.68,1,140,KHERA,1991.8243413854032
443,28.541026,76.846154,8.537,1,140,KHERA,1040.2188459899046
444,28.541026,76.861538,7.521,1,140,KHERA,452.116249920686
445,28.541026,76.876923,6.428,1,140,KHERA,0.0
446,28.541026,76.892308,5.186,1,133,CHHAWLA,0.0
447,28.541026,76.907692,4.122,1,133,CHHAWLA,0.0
448,28.541026,76.923077,3.405,1,133,CHHAWLA,0.0
449,28.541026,76.938462,3.273,1,133,CHHAWLA,0.0
450,28.541026,76.953846,3.788,1,133,CHHAWLA,0.0
451,28.541026,76.969231,4.744,1,133,CHHAWLA,0.0
452,28.541026,76.984615,5.931,1,133,CHHAWLA,0.0
453,28.541026,77.0,7.236,1,133,CHHAWLA,0.0
454,28.541026,77.015385,6.45,1,141,BIJWASAN,0.0
455,28.541026,77.030769,5.222,1,141,BIJWASAN,0.0
456,28.541026,77.046154,4.178,1,141,BIJWASAN,0.0
457,28.541026,77.061538,3.486,1,141,BIJWASAN,0.0
458,28.541026,77.076923,2.69,1,143,KAPASHERA,0.0
459,28.541026,77.092308,2.116,1,143,KAPASHERA,0.0
460,28.541026,77.107692,2.498,1,143,KAPASHERA,0.0
461,28.541026,77.123077,2.469,1,144,MAHIPALPUR,0.0
462,28.541026,77.138462,1.922,1,144,MAHIPALPUR,0.0
463,28.541026,77.153846,1.436,1,CANT_4,DELHI CANTT CHARGE 4,0.0
464,28.541026,77.169231,0.075,0,171,VASANTKUNJ,0.0
465,28.541026,77.184615,0.706,0,161,MALVIYA NAGAR,0.0
466,28.541026,77.2,0.831,1,161,MALVIYA NAGAR,0.0
467,28.541026,77.215385,1.047,1,191,SHAPUR JAT,0.0
468,28.541026,77.230769,1.565,1,191,SHAPUR JAT,0.0
469,28.541026,77.246154,1.042,1,190,CHITRANJAN PARK,0.0
470,28.541026,77.261538,1.482,1,196,KALKAJI,0.0
471,28.541026,77.276923,1.178,1,200,HARKESH NAGAR,0.0
472,28.541026,77.292308,2.151,1,208,SARITA VIHAR,0.0
473,28.541026,77.307692,1.564,1,208,SARITA VIHAR,0.0
474,28.541026,77.323077,0.415,0,208,SARITA VIHAR,0.0
475,28.541026,77.338462,1.555,1,207,MADANPUR KHADAR,1131.249904487663
476,28.541026,77.353846,3.029,1,207,MADANPUR KHADAR,2551.7882936873657
477,28.541026,77.369231,3.952,1,207,MADANPUR KHADAR,3554.77785077885
478,28.541026,77.384615,3.263,1,207,MADANPUR KHADAR,4885.298117185726
479,28.541026,77.4,3.193,1,207,MADANPUR KHADAR,6400.211846362833
480,28.553846,76.8,11.581,1,140,KHERA,4697.386795844197
481,28.553846,76.815385,10.211,1,140,KHERA,2994.063228872162
482,28.553846,76.830769,8.884,1,140,KHERA,1315.2979443385866
483,28.553846,76.846154,7.623,1,140,KHERA,0.0
484,28.553846,76.861538,6.466,1,140,KHERA,0.0
485,28.553846,76.876923,5.478,1,140,KHERA,0.0
486,28.553846,76.892308,4.437,1,140,KHERA,0.0
487,28.553846,76.907692,3.127,1,133,CHHAWLA,0.0
488,28.553846,76.923077,2.094,1,133,CHHAWLA,0.0
489,28.553846,76.938462,1.873,1,133,CHHAWLA,0.0
490,28.553846,76.953846,2.673,1,133,CHHAWLA,0.0
491,28.553846,76.969231,3.911,1,133,CHHAWLA,0.0
492,28.553846,76.984615,5.288,1,133,CHHAWLA,0.0
493,28.553846,77.0,6.719,1,133,CHHAWLA,0.0
494,28.553846,77.015385,5.841,1,133,CHHAWLA,0.0
495,28.553846,77.030769,4.448,1,141,BIJWASAN,0.0
496,28.553846,77.046154,3.158,1,141,BIJWASAN,0.0
497,28.553846,77.061538,2.162,1,141,BIJWASAN,0.0
498,28.553846,77.076923,1.803,1,143,KAPASHERA,0.0
499,28.553846,77.092308,0.704,0,143,KAPASHERA,0.0
500,28.553846,77.107692,1.414,1,CANT_6,DELHI CANTT CHARGE 6,0.0
501,28.553846,77.123077,1.11,1,CANT_4,DELHI CANTT CHARGE 4,0.0
502,28.553846,77.138462,2.231,1,CANT_4,DELHI CANTT CHARGE 4,0.0
503,28.553846,77.153846,1.757,1,CANT_4,DELHI CANTT CHARGE 4,0.0
504,28.553846,77.169231,1.216,1,166,MUNIRKA,0.0
505,28.553846,77.184615,1.071,1,166,MUNIRKA,0.0
506,28.553846,77.2,1.506,1,163,SAFDARJANG ENCLAVE,0.0
507,28.553846,77.215385,0.384,0,159,ANDREWSGANJ,0.0
508,28.553846,77.230769,1.278,1,192,GREATER KAILASH-I,0.0
509,28.553846,77.246154,0.521,0,192,GREATER KAILASH-I,0.0
510,28.553846,77.261538,1.212,1,194,EAST OF KAILASH,0.0
511,28.553846,77.276923,0.44,0,193,SRI NIWASPURI,0.0
512,28.553846,77.292308,1.853,1,206,OKHLA,0.0
513,28.553846,77.307692,1.815,1,,,0.0
514,28.553846,77.323077,1.01,1,,,796.5733454314328
515,28.553846,77.338462,1.807,1,208,SARITA VIHAR,2268.882742534683
516,28.553846,77.353846,3.166,1,207,MADANPUR KHADAR,3489.0111826894668
517,28.553846,77.369231,2.951,1,207,MADANPUR KHADAR,4849.430395417254
518,28.553846,77.384615,1.934,1,207,MADANPUR KHADAR,5912.610062069502
519,28.553846,77.4,1.813,1,207,MADANPUR KHADAR,7214.951956224676
520,28.566667,76.8,11.109,1,140,KHERA,4400.390053919465
521,28.566667,76.815385,9.672,1,140,KHERA,2731.530633714432
522,28.566667,76.830769,8.26,1,140,KHERA,1108.4162997868332
523,28.566667,76.846154,6.885,1,140,KHERA,0.0
524,28.566667,76.861538,5.577,1,140,KHERA,0.0
525,28.566667,76.876923,4.394,1,140,KHERA,0.0
526,28.566667,76.892308,3.469,1,140,KHERA,0.0
527,28.566667,76.907692,2.576,1,140,KHERA,0.0
528,28.566667,76.923077,1.114,1,140,KHERA,0.0
529,28.566667,76.938462,0.602,0,140,KHERA,0.0
530,28.566667,76.953846,2.0,1,133,CHHAWLA,0.0
531,28.566667,76.969231,3.486,1,134,NANGLI SAKRAVATI,0.0
532,28.566667,76.984615,4.981,1,134,NANGLI SAKRAVATI,0.0
533,28.566667,77.0,5.687,1,133,CHHAWLA,0.0
534,28.566667,77.015385,5.006,1,133,CHHAWLA,0.0
535,28.566667,77.030769,4.046,1,141,BIJWASAN,0.0
536,28.566667,77.046154,2.561,1,134,NANGLI SAKRAVATI,0.0
537,28.566667,77.061538,1.122,1,141,BIJWASAN,0.0
538,28.566667,77.076923,0.69,0,143,KAPASHERA,0.0
539,28.566667,77.092308,0.76,1,CANT_6,DELHI CANTT CHARGE 6,0.0
540,28.566667,77.107692,1.096,1,CANT_6,DELHI CANTT CHARGE 6,0.0
541,28.566667,77.123077,0.658,0,CANT_5,DELHI CANTT CHARGE 5,0.0
542,28.566667,77.138462,2.044,1,CANT_4,DELHI CANTT CHARGE 4,0.0
543,28.566667,77.153846,1.306,1,165,VASANT VIHAR,0.0
544,28.566667,77.169231,0.315,0,168,NANAK PURA,0.0
545,28.566667,77.184615,0.441,0,167,R. K. PURAM,0.0
546,28.566667,77.2,1.331,1,NDMC_7,NDMC CHARGE 7,0.0
547,28.566667,77.215385,0.949,0,159,ANDREWSGANJ,0.0
548,28.566667,77.230769,1.462,1,159,ANDREWSGANJ,0.0
549,28.566667,77.246154,0.447,0,155,LAJPAT NAGAR,0.0
550,28.566667,77.261538,1.085,1,193,SRI NIWASPURI,0.0
551,28.566667,77.276923,1.751,1,206,OKHLA,0.0
552,28.566667,77.292308,2.511,1,206,OKHLA,0.0
553,28.566667,77.307692,2.865,1,,,489.32211564077153
554,28.566667,77.323077,2.436,1,,,1877.579353790136
555,28.566667,77.338462,2.86,1,,,3135.971510056472
556,28.566667,77.353846,3.865,1,208,SARITA VIHAR,4568.619888884116
557,28.566667,77.369231,2.421,1,215,KONDLI,5720.795243403989
558,28.566667,77.384615,0.946,1,215,KONDLI,6874.406496836937
559,28.566667,77.4,0.665,0,215,KONDLI,8169.755118719711
560,28.579487,76.8,10.805,1,140,KHERA,4344.541809851213
561,28.579487,76.815385,9.323,1,140,KHERA,2634.775692623992
562,28.579487,76.830769,7.848,1,140,KHERA,927.4656233271154
563,28.579487,76.846154,6.385,1,140,KHERA,0.0
564,28.579487,76.861538,4.946,1,140,KHERA,0.0
565,28.579487,76.876923,3.56,1,140,KHERA,0.0
566,28.579487,76.892308,2.323,1,140,KHERA,0.0
567,28.579487,76.907692,1.623,1,140,KHERA,0.0
568,28.579487,76.923077,1.47,1,140,KHERA,0.0
569,28.579487,76.938462,1.133,1,133,CHHAWLA,0.0
570,28.579487,76.953846,2.218,1,133,CHHAWLA,0.0
571,28.579487,76.969231,3.615,1,134,NANGLI SAKRAVATI,0.0
572,28.579487,76.984615,5.073,1,134,NANGLI SAKRAVATI,0.0
573,28.579487,77.0,4.575,1,134,NANGLI SAKRAVATI,0.0
574,28.579487,77.015385,3.693,1,134,NANGLI SAKRAVATI,0.0
575,28.579487,77.030769,3.296,1,134,NANGLI SAKRAVATI,0.0
576,28.579487,77.046154,2.684,1,136,MATIALA,0.0
577,28.579487,77.061538,1.382,1,141,BIJWASAN,0.0
578,28.579487,77.076923,1.061,1,145,PALAM,0.0
579,28.579487,77.092308,2.173,1,CANT_6,DELHI CANTT CHARGE 6,0.0
580,28.579487,77.107692,2.114,1,CANT_6,DELHI CANTT CHARGE 6,0.0
581,28.579487,77.123077,1.644,1,CANT_6,DELHI CANTT CHARGE 6,0.0
582,28.579487,77.138462,2.09,1,CANT_5,DELHI CANTT CHARGE 5,0.0
583,28.579487,77.153846,2.095,1,CANT_4,DELHI CANTT CHARGE 4,0.0
584,28.579487,77.169231,1.448,1,168,NANAK PURA,0.0
585,28.579487,77.184615,0.141,0,NDMC_9,NDMC CHARGE 9,0.0
586,28.579487,77.2,1.568,1,NDMC_8,NDMC CHARGE 8,0.0
587,28.579487,77.215385,1.159,1,158,KOTLA MUBARAKPUR,0.0
588,28.579487,77.230769,0.312,0,157,KASTURBA NAGAR,0.0
589,28.579487,77.246154,1.207,1,155,LAJPAT NAGAR,0.0
590,28.579487,77.261538,1.68,1,156,BHOGAL,0.0
591,28.579487,77.276923,2.883,1,,,0.0
592,28.579487,77.292308,3.092,1,,,0.0
593,28.579487,77.307692,1.766,1,211,TRILOK PURI,755.6871837649566
594,28.579487,77.323077,1.091,1,212,NEW ASHOK NAGAR,2017.262588265992
595,28.579487,77.338462,1.943,1,214,KHICHRIPUR,2745.2410113112664
596,28.579487,77.353846,3.297,1,215,KONDLI,3402.227151509603
597,28.579487,77.369231,2.661,1,215,KONDLI,4515.411793257242
598,28.579487,77.384615,1.454,1,215,KONDLI,5831.752774047199
599,28.579487,77.4,1.289,1,215,KONDLI,7314.14892066741
600,28.592308,76.8,10.685,1,140,KHERA,4554.281231981889
601,28.592308,76.815385,9.183,1,140,KHERA,2940.6611311888955
602,28.592308,76.830769,7.682,1,140,KHERA,1555.6525757079858
603,28.592308,76.846154,6.18,1,140,KHERA,965.046595100533
604,28.592308,76.861538,4.679,1,140,KHERA,705.2575411781621
605,28.592308,76.876923,3.179,1,140,KHERA,0.0
606,28.592308,76.892308,1.682,1,140,KHERA,0.0
607,28.592308,76.907692,0.253,0,140,KHERA,0.0
608,28.592308,76.923077,1.346,1,140,KHERA,0.0
609,28.592308,76.938462,2.504,1,140,KHERA,0.0
610,28.592308,76.953846,3.147,1,134,NANGLI SAKRAVATI,0.0
611,28.592308,76.969231,4.249,1,140,KHERA,0.0
612,28.592308,76.984615,5.037,1,134,NANGLI SAKRAVATI,0.0
613,28.592308,77.0,3.684,1,134,NANGLI SAKRAVATI,0.0
614,28.592308,77.015385,2.508,1,135,KAKRAULA,0.0
615,28.592308,77.030769,1.874,1,135,KAKRAULA,0.0
616,28.592308,77.046154,2.291,1,136,MATIALA,0.0
617,28.592308,77.061538,2.574,1,136,MATIALA,0.0
618,28.592308,77.076923,2.417,1,145,PALAM,0.0
619,28.592308,77.092308,2.127,1,146,SADH NAGAR,0.0
620,28.592308,77.107692,1.712,1,CANT_7,DELHI CANTT CHARGE 7,0.0
621,28.592308,77.123077,0.286,0,CANT_6,DELHI CANTT CHARGE 6,0.0
622,28.592308,77.138462,1.321,1,CANT_3,DELHI CANTT CHARGE 3,0.0
623,28.592308,77.153846,2.814,1,CANT_3,DELHI CANTT CHARGE 3,0.0
624,28.592308,77.169231,2.041,1,NDMC_9,NDMC CHARGE 9,0.0
625,28.592308,77.184615,0.777,0,NDMC_9,NDMC CHARGE 9,0.0
626,28.592308,77.2,1.247,1,NDMC_9,NDMC CHARGE 9,0.0
627,28.592308,77.215385,0.756,0,NDMC_5,NDMC CHARGE 5,0.0
628,28.592308,77.230769,0.342,0,NDMC_5,NDMC CHARGE 5,0.0
629,28.592308,77.246154,1.799,1,154,NIZAMUDDIN,0.0
630,28.592308,77.261538,2.807,1,,,0.0
631,28.592308,77.276923,2.659,1,,,0.0
632,28.592308,77.292308,2.915,1,211,TRILOK PURI,0.0
633,28.592308,77.307692,1.434,1,212,NEW ASHOK NAGAR,0.0
634,28.592308,77.323077,0.357,0,214,KHICHRIPUR,660.0365319402396
635,28.592308,77.338462,1.647,1,215,KONDLI,1211.8774811357894
636,28.592308,77.353846,2.394,1,215,KONDLI,2160.111832892552
637,28.592308,77.369231,3.383,1,215,KONDLI,3524.3741780301725
638,28.592308,77.384615,2.72,1,215,KONDLI,5103.098088581726
639,28.592308,77.4,2.636,1,215,KONDLI,6747.5213314060375
640,28.605128,76.8,10.754,1,140,KHERA,5230.48921193238
641,28.605128,76.815385,9.264,1,140,KHERA,3906.920493770471
642,28.605128,76.830769,7.778,1,140,KHERA,3006.092944748288
643,28.605128,76.846154,6.299,1,140,KHERA,2589.1762219769166
644,28.605128,76.861538,4.836,1,140,KHERA,1161.0332631309698
645,28.605128,76.876923,3.405,1,140,KHERA,0.0
646,28.605128,76.892308,2.079,1,140,KHERA,0.0
647,28.605128,76.907692,1.248,1,140,KHERA,0.0
648,28.605128,76.923077,1.818,1,140,KHERA,0.0
649,28.605128,76.938462,3.093,1,140,KHERA,0.0
650,28.605128,76.953846,4.353,1,140,KHERA,0.0
651,28.605128,76.969231,5.206,1,140,KHERA,0.0
652,28.605128,76.984615,4.699,1,137,ROSHANPURA,0.0
653,28.605128,77.0,3.207,1,137,ROSHANPURA,0.0
654,28.605128,77.015385,1.732,1,135,KAKRAULA,0.0
655,28.605128,77.030769,0.473,0,135,KAKRAULA,0.0
656,28.605128,77.046154,1.4,1,136,MATIALA,0.0
657,28.605128,77.061538,2.865,1,148,MADHU VIHAR,0.0
658,28.605128,77.076923,2.296,1,130,MANGLAPURI,0.0
659,28.605128,77.092308,0.923,0,129,DABRI,0.0
660,28.605128,77.107692,0.97,1,129,DABRI,0.0
661,28.605128,77.123077,1.234,1,CANT_8,DELHI CANTT CHARGE 8,0.0
662,28.605128,77.138462,1.785,1,CANT_2,DELHI CANTT CHARGE 2,0.0
663,28.605128,77.153846,3.06,1,CANT_2,DELHI CANTT CHARGE 2,0.0
664,28.605128,77.169231,2.088,1,150,PUSA,0.0
665,28.605128,77.184615,0.895,1,NDMC_3,NDMC CHARGE 3,0.0
666,28.605128,77.2,1.323,1,NDMC_5,NDMC CHARGE 5,0.0
667,28.605128,77.215385,1.882,1,NDMC_5,NDMC CHARGE 5,0.0
668,28.605128,77.230769,0.965,0,NDMC_5,NDMC CHARGE 5,0.0
669,28.605128,77.246154,1.069,1,154,NIZAMUDDIN,0.0
670,28.605128,77.261538,1.567,1,,,0.0
671,28.605128,77.276923,1.283,1,211,TRILOK PURI,0.0
672,28.605128,77.292308,2.13,1,220,PATPARGANJ,0.0
673,28.605128,77.307692,2.249,1,210,DALLOPURA,0.0
674,28.605128,77.323077,1.769,1,214,KHICHRIPUR,0.0
675,28.605128,77.338462,0.76,0,215,KONDLI,0.0
676,28.605128,77.353846,1.333,1,216,GHAROLI,1378.7867102266173
677,28.605128,77.369231,2.435,1,216,GHAROLI,3063.3609193606258
678,28.605128,77.384615,3.4,1,216,GHAROLI,4765.862486063799
679,28.605128,77.4,4.037,1,216,GHAROLI,6473.772369085362
680,28.617949,76.8,11.009,1,140,KHERA,6265.899896726538
681,28.617949,76.815385,9.558,1,140,KHERA,5212.246335727075
682,28.617949,76.830769,8.127,1,140,KHERA,4539.561102796694
683,28.617949,76.846154,6.726,1,140,KHERA,3430.09515300312
684,28.617949,76.861538,5.38,1,140,KHERA,2116.515507335378
685,28.617949,76.876923,4.142,1,140,KHERA,503.351867327096
686,28.617949,76.892308,3.143,1,140,KHERA,0.0
687,28.617949,76.907692,2.668,1,140,KHERA,0.0
688,28.617949,76.923077,2.978,1,140,KHERA,0.0
689,28.617949,76.938462,3.889,1,140,KHERA,0.0
690,28.617949,76.953846,5.089,1,139,DICHAON KALAN,0.0
691,28.617949,76.969231,6.258,1,139,DICHAON KALAN,0.0
692,28.617949,76.984615,4.781,1,138,NAJAFGARH,0.0
693,28.617949,77.0,3.326,1,137,ROSHANPURA,0.0
694,28.617949,77.015385,1.943,1,137,ROSHANPURA,0.0
695,28.617949,77.030769,1.0,1,135,KAKRAULA,0.0
696,28.617949,77.046154,1.654,1,127,UTTAM NAGAR,0.0
697,28.617949,77.061538,2.997,1,128,BINDAPUR,0.0
698,28.617949,77.076923,2.38,1,119,MILAP NAGAR,0.0
699,28.617949,77.092308,1.115,1,118,JANAK PURI SOUTH,0.0
700,28.617949,77.107692,1.154,1,110,NANGAL RAYA,0.0
701,28.617949,77.123077,2.436,1,CANT_2,DELHI CANTT CHARGE 2,0.0
702,28.617949,77.138462,2.53,1,152,NARAINA,0.0
703,28.617949,77.153846,2.523,1,CANT_2,DELHI CANTT CHARGE 2,0.0
704,28.617949,77.169231,2.5,1,150,PUSA,0.0
705,28.617949,77.184615,1.053,1,NDMC_3,NDMC CHARGE 3,0.0
706,28.617949,77.2,0.69,0,NDMC_4,NDMC CHARGE 4,0.0
707,28.617949,77.215385,1.919,1,NDMC_4,NDMC CHARGE 4,0.0
708,28.617949,77.230769,0.658,0,NDMC_1,NDMC CHARGE 1,0.0
709,28.617949,77.246154,0.694,0,154,NIZAMUDDIN,0.0
710,28.617949,77.261538,1.047,1,,,0.0
711,28.617949,77.276923,0.536,0,224,PANDAV NAGAR,0.0
712,28.617949,77.292308,0.815,0,220,PATPARGANJ,0.0
713,28.617949,77.307692,2.101,1,219,MAYUR VIHAR PHASE II,0.0
714,28.617949,77.323077,2.0,1,214,KHICHRIPUR,0.0
715,28.617949,77.338462,0.83,1,216,GHAROLI,0.0
716,28.617949,77.353846,0.825,1,216,GHAROLI,1331.3912805564655
717,28.617949,77.369231,1.343,1,216,GHAROLI,3041.1475257415173
718,28.617949,77.384615,2.727,1,216,GHAROLI,4751.626431711141
719,28.617949,77.4,4.192,1,216,GHAROLI,6463.299250166189
720,28.630769,76.8,11.437,1,140,KHERA,7513.455220422215
721,28.630769,76.815385,10.049,1,140,KHERA,6660.181656516023
722,28.630769,76.830769,8.698,1,140,KHERA,5770.86514542467
723,28.630769,76.846154,7.406,1,140,KHERA,4248.239680340264
724,28.630769,76.861538,6.21,1,140,KHERA,2595.104916975264
725,28.630769,76.876923,5.175,1,140,KHERA,968.955339007216
726,28.630769,76.892308,4.416,1,140,KHERA,0.0
727,28.630769,76.907692,4.092,1,140,KHERA,393.4416218504357
728,28.630769,76.923077,4.3,1,140,KHERA,173.71535087028312
729,28.630769,76.938462,4.555,1,139,DICHAON KALAN,537.5400292499945
730,28.630769,76.953846,5.18,1,139,DICHAON KALAN,0.0
731,28.630769,76.969231,6.117,1,139,DICHAON KALAN,0.0
732,28.630769,76.984615,5.263,1,139,DICHAON KALAN,0.0
733,28.630769,77.0,3.987,1,137,ROSHANPURA,0.0
734,28.630769,77.015385,2.935,1,122,HASTSAL,0.0
735,28.630769,77.030769,2.417,1,122,HASTSAL,0.0
736,28.630769,77.046154,2.753,1,121,KUNWAR SINGH NAGAR,0.0
737,28.630769,77.061538,3.718,1,123,VIKAS PURI,0.0
738,28.630769,77.076923,3.181,1,113,MAHAVIR NAGAR,0.0
739,28.630769,77.092308,2.387,1,109,JANAK PURI NORTH,0.0
740,28.630769,77.107692,2.406,1,109,JANAK PURI NORTH,0.0
741,28.630769,77.123077,2.469,1,111,HARI NAGAR,0.0
742,28.630769,77.138462,1.246,1,152,NARAINA,0.0
743,28.630769,77.153846,1.234,1,150,PUSA,0.0
744,28.630769,77.169231,2.449,1,150,PUSA,0.0
745,28.630769,77.184615,1.384,1,149,RAJENDER NAGAR,0.0
746,28.630769,77.2,0.374,0,NDMC_3,NDMC CHARGE 3,0.0
747,28.630769,77.215385,1.044,1,NDMC_4,NDMC CHARGE 4,0.0
748,28.630769,77.230769,0.83,0,NDMC_1,NDMC CHARGE 1,0.0
749,28.630769,77.246154,0.551,0,153,DARYAGANJ,0.0
750,28.630769,77.261538,1.434,1,,,0.0
751,28.630769,77.276923,1.271,1,221,KISHAN KUNJ,0.0
752,28.630769,77.292308,0.926,1,218,MANDAWALI,0.0
753,28.630769,77.307692,1.963,1,227,I.P EXTENTION,0.0
754,28.630769,77.323077,1.914,1,227,I.P EXTENTION,0.0
755,28.630769,77.338462,2.002,1,214,KHICHRIPUR,570.811414395913
756,28.630769,77.353846,0.788,0,216,GHAROLI,1742.355907057653
757,28.630769,77.369231,1.32,1,216,GHAROLI,3328.976552705762
758,28.630769,77.384615,2.716,1,216,GHAROLI,4953.343941564543
759,28.630769,77.4,3.745,1,216,GHAROLI,6617.669919402579
760,28.64359,76.8,12.02,1,140,KHERA,8884.489921989303
761,28.64359,76.815385,10.708,1,140,KHERA,7979.772738008469
762,28.64359,76.830769,9.452,1,140,KHERA,6353.446526346839
763,28.64359,76.846154,8.275,1,140,KHERA,4757.237142750671
764,28.64359,76.861538,6.893,1,140,KHERA,3243.156055523201
765,28.64359,76.876923,5.573,1,140,KHERA,1948.695235139424
766,28.64359,76.892308,4.372,1,140,KHERA,1497.8727333006048
767,28.64359,76.907692,3.417,1,140,KHERA,1615.9709076940103
768,28.64359,76.923077,2.956,1,139,DICHAON KALAN,677.1263449140847
769,28.64359,76.938462,3.212,1,139,DICHAON KALAN,0.0
770,28.64359,76.953846,4.049,1,139,DICHAON KALAN,0.0
771,28.64359,76.969231,5.194,1,139,DICHAON KALAN,0.0
772,28.64359,76.984615,6.05,1,139,DICHAON KALAN,0.0
773,28.64359,77.0,4.98,1,139,DICHAON KALAN,0.0
774,28.64359,77.015385,4.186,1,122,HASTSAL,0.0
775,28.64359,77.030769,3.84,1,122,HASTSAL,0.0
776,28.64359,77.046154,4.06,1,122,HASTSAL,0.0
777,28.64359,77.061538,4.767,1,44,QUAMMRUDDIN NAGAR,0.0
778,28.64359,77.076923,4.317,1,116,VIKASPURI EAST,0.0
779,28.64359,77.092308,3.771,1,116,VIKASPURI EAST,0.0
780,28.64359,77.107692,3.783,1,105,RAJOURI GARDEN,0.0
781,28.64359,77.123077,2.305,1,105,RAJOURI GARDEN,0.0
782,28.64359,77.138462,0.879,0,98,MANSAROWER GARDEN,0.0
783,28.64359,77.153846,0.86,0,150,PUSA,0.0
784,28.64359,77.169231,1.854,1,150,PUSA,0.0
785,28.64359,77.184615,1.792,1,149,RAJENDER NAGAR,0.0
786,28.64359,77.2,0.803,0,NDMC_3,NDMC CHARGE 3,0.0
787,28.64359,77.215385,1.241,1,89,PAHAR GANJ,0.0
788,28.64359,77.230769,1.067,1,83,BAZAR SITARAM,0.0
789,28.64359,77.246154,1.737,1,153,DARYAGANJ,0.0
790,28.64359,77.261538,2.529,1,,,0.0
791,28.64359,77.276923,2.228,1,230,GEETA COLONY,0.0
792,28.64359,77.292308,1.396,1,228,PREET VIHAR,0.0
793,28.64359,77.307692,0.89,1,227,I.P EXTENTION,0.0
794,28.64359,77.323077,0.776,0,227,I.P EXTENTION,625.3077767706125
795,28.64359,77.338462,1.936,1,227,I.P EXTENTION,1716.0483335299457
796,28.64359,77.353846,0.507,0,216,GHAROLI,2900.661769699084
797,28.64359,77.369231,1.128,1,216,GHAROLI,4080.320732921669
798,28.64359,77.384615,1.767,1,216,GHAROLI,5528.159339197829
799,28.64359,77.4,2.701,1,216,GHAROLI,7095.007417973298
800,28.65641,76.8,12.329,1,140,KHERA,10128.765875237712
801,28.65641,76.815385,10.841,1,140,KHERA,8548.498624592146
802,28.65641,76.830769,9.358,1,140,KHERA,7026.8152052503465
803,28.65641,76.846154,7.88,1,140,KHERA,5569.317344180514
804,28.65641,76.861538,6.414,1,140,KHERA,4302.199225768829
805,28.65641,76.876923,4.969,1,140,KHERA,3351.432853618122
806,28.65641,76.892308,3.57,1,140,KHERA,3113.088707822481
807,28.65641,76.907692,2.303,1,139,DICHAON KALAN,2099.4311205490853
808,28.65641,76.923077,1.539,1,139,DICHAON KALAN,589.9816769251511
809,28.65641,76.938462,1.985,1,139,DICHAON KALAN,0.0
810,28.65641,76.953846,3.165,1,139,DICHAON KALAN,0.0
811,28.65641,76.969231,4.539,1,139,DICHAON KALAN,0.0
812,28.65641,76.984615,5.975,1,30,MUNDAKA,0.0
813,28.65641,77.0,6.146,1,30,MUNDAKA,0.0
814,28.65641,77.015385,5.522,1,122,HASTSAL,0.0
815,28.65641,77.030769,5.265,1,121,KUNWAR SINGH NAGAR,0.0
816,28.65641,77.046154,4.323,1,121,KUNWAR SINGH NAGAR,0.0
817,28.65641,77.061538,3.469,1,32,NILOTHI,0.0
818,28.65641,77.076923,3.143,1,44,QUAMMRUDDIN NAGAR,0.0
819,28.65641,77.092308,3.498,1,57,PASCHIM VIHAR SOUTH,0.0
820,28.65641,77.107692,3.004,1,108,KHYALA,0.0
821,28.65641,77.123077,2.109,1,101,RAJA GARDEN,0.0
822,28.65641,77.138462,1.023,0,97,KIRTI NAGAR,0.0
823,28.65641,77.153846,0.471,0,94,WEST PATEL NAGAR,0.0
824,28.65641,77.169231,1.048,1,95,EAST PATEL NAGAR,0.0
825,28.65641,77.184615,2.546,1,92,DEV NAGAR,0.0
826,28.65641,77.2,2.224,1,90,MODEL BASTI,0.0
827,28.65641,77.215385,1.157,1,85,IDGAH ROAD,0.0
828,28.65641,77.230769,0.347,0,80,CHANDNI CHOWK,0.0
829,28.65641,77.246154,1.847,1,80,CHANDNI CHOWK,0.0
830,28.65641,77.261538,3.256,1,234,GANDHI NAGAR,0.0
831,28.65641,77.276923,1.755,1,229,KRISHNA  NAGAR,0.0
832,28.65641,77.292308,0.259,0,226,VISHWASH NAGAR,0.0
833,28.65641,77.307692,1.249,1,225,ANAND VIHAR,0.0
834,28.65641,77.323077,1.207,0,225,ANAND VIHAR,329.43860165353874
835,28.65641,77.338462,1.885,1,225,ANAND VIHAR,2007.0576754849133
836,28.65641,77.353846,0.549,0,225,ANAND VIHAR,3691.084357988917
837,28.65641,77.369231,0.889,1,240,DILSHAD COLONY,5133.984228749139
838,28.65641,77.384615,0.677,0,216,GHAROLI,6435.589108556156
839,28.65641,77.4,2.153,1,216,GHAROLI,7822.748350528896
840,28.669231,76.8,12.235,1,140,KHERA,10812.021571542437
841,28.669231,76.815385,10.734,1,140,KHERA,9322.86456008643
842,28.669231,76.830769,9.233,1,140,KHERA,7916.810272106527
843,28.669231,76.846154,7.732,1,140,KHERA,6655.865263475631
844,28.669231,76.861538,6.231,1,140,KHERA,5591.349701256082
845,28.669231,76.876923,4.731,1,140,KHERA,4894.800258452998
846,28.669231,76.892308,3.23,1,139,DICHAON KALAN,4363.909589253472
847,28.669231,76.907692,1.73,1,139,DICHAON KALAN,2877.068855555289
848,28.669231,76.923077,0.246,0,139,DICHAON KALAN,1241.0204915229378
849,28.669231,76.938462,1.278,1,139,DICHAON KALAN,165.43170474104036
850,28.669231,76.953846,2.777,1,30,MUNDAKA,26.16926523623866
851,28.669231,76.969231,4.277,1,30,MUNDAKA,0.0
852,28.669231,76.984615,5.778,1,30,MUNDAKA,0.0
853,28.669231,77.0,7.279,1,30,MUNDAKA,0.0
854,28.669231,77.015385,6.212,1,30,MUNDAKA,0.0
855,28.669231,77.030769,4.787,1,30,MUNDAKA,0.0
856,28.669231,77.046154,3.429,1,32,NILOTHI,0.0
857,28.669231,77.061538,2.259,1,43,NANGLOI EAST,0.0
858,28.669231,77.076923,1.718,1,44,QUAMMRUDDIN NAGAR,0.0
859,28.669231,77.092308,2.304,1,41,GURU HARKISHAN NAGAR,0.0
860,28.669231,77.107692,2.338,1,57,PASCHIM VIHAR SOUTH,0.0
861,28.669231,77.123077,0.942,1,103,PUNJABI BAGH,0.0
862,28.669231,77.138462,0.902,0,99,MOTI NAGAR,0.0
863,28.669231,77.153846,1.395,1,99,MOTI NAGAR,0.0
864,28.669231,77.169231,1.68,1,74,INDER LOK COLONY,0.0
865,28.669231,77.184615,2.865,1,74,INDER LOK COLONY,0.0
866,28.669231,77.2,2.764,1,75,KISHAN GANJ,0.0
867,28.669231,77.215385,1.491,1,78,MAJNU KA TILA,0.0
868,28.669231,77.230769,1.143,1,77,KASHMERE GATE,0.0
869,28.669231,77.246154,2.213,1,,,0.0
870,28.669231,77.261538,3.575,1,233,DHARAMPURA,0.0
871,28.669231,77.276923,2.294,1,236,RAGHUBAR PURA,0.0
872,28.669231,77.292308,1.5,1,238,JHILMIL,0.0
873,28.669231,77.307692,0.815,0,238,JHILMIL,0.0
874,28.669231,77.323077,0.837,1,239,VIVEK VIHAR,0.0
875,28.669231,77.338462,2.084,1,240,DILSHAD COLONY,1480.3695011227198
876,28.669231,77.353846,1.044,1,240,DILSHAD COLONY,2791.7641100912915
877,28.669231,77.369231,1.481,1,240,DILSHAD COLONY,4315.271924379621
878,28.669231,77.384615,1.364,1,240,DILSHAD COLONY,5942.580546183546
879,28.669231,77.4,2.457,1,240,DILSHAD COLONY,7607.50894069519
880,28.682051,76.8,12.306,1,140,KHERA,11644.696505463116
881,28.682051,76.815385,10.815,1,140,KHERA,10270.896281502615
882,28.682051,76.830769,9.327,1,140,KHERA,9013.955386188693
883,28.682051,76.846154,7.844,1,140,KHERA,7902.645890344887
884,28.682051,76.861538,6.37,1,140,KHERA,7020.142042939084
885,28.682051,76.876923,4.912,1,140,KHERA,6479.064160158934
886,28.682051,76.892308,3.491,1,139,DICHAON KALAN,5032.684422875884
887,28.682051,76.907692,2.18,1,139,DICHAON KALAN,3552.834961522452
888,28.682051,76.923077,1.348,1,139,DICHAON KALAN,2281.432053268099
889,28.682051,76.938462,1.841,1,139,DICHAON KALAN,1768.415241112067
890,28.682051,76.953846,3.077,1,30,MUNDAKA,345.16216411534657
891,28.682051,76.969231,4.478,1,30,MUNDAKA,0.0
892,28.682051,76.984615,5.928,1,30,MUNDAKA,0.0
893,28.682051,77.0,7.398,1,30,MUNDAKA,0.0
894,28.682051,77.015385,5.976,1,30,MUNDAKA,0.0
895,28.682051,77.030769,4.478,1,30,MUNDAKA,0.0
896,28.682051,77.046154,2.982,1,31,NANGLOI JAT WEST,0.0
897,28.682051,77.061538,1.496,1,32,NILOTHI,0.0
898,28.682051,77.076923,0.294,0,42,PERAGHARHI,0.0
899,28.682051,77.092308,1.562,1,42,PERAGHARHI,0.0
900,28.682051,77.107692,2.444,1,58,PASCHIM VIHAR NORTH,0.0
901,28.682051,77.123077,1.18,1,59,RANI BAGH,0.0
902,28.682051,77.138462,1.149,1,62,RAMPURA,0.0
903,28.682051,77.153846,2.275,1,62,RAMPURA,0.0
904,28.682051,77.169231,1.915,1,65,NIMRI COLONY,0.0
905,28.682051,77.184615,1.51,1,66,SAWAN PARK,0.0
906,28.682051,77.2,2.323,1,69,KAMLA NAGAR,0.0
907,28.682051,77.215385,1.119,1,10,TIMAR PUR,0.0
908,28.682051,77.230769,0.581,0,,,0.0
909,28.682051,77.246154,1.982,1,,,0.0
910,28.682051,77.261538,3.376,1,251,NEW USMANPUR,0.0
911,28.682051,77.276923,2.499,1,259,JANTA COLONY,0.0
912,28.682051,77.292308,1.001,0,260,BABAR PUR,0.0
913,28.682051,77.307692,0.263,0,241,DILSHAD GARDEN,0.0
914,28.682051,77.323077,1.322,1,240,DILSHAD COLONY,0.0
915,28.682051,77.338462,2.508,1,240,DILSHAD COLONY,594.4140060980412
916,28.682051,77.353846,2.438,1,240,DILSHAD COLONY,2305.3152838502906
917,28.682051,77.369231,2.683,1,240,DILSHAD COLONY,4017.723670550144
918,28.682051,77.384615,2.707,1,240,DILSHAD COLONY,5730.165378018251
919,28.682051,77.4,3.391,1,240,DILSHAD COLONY,7442.763196173661
920,28.694872,76.8,12.539,1,140,KHERA,12628.205181322935
921,28.694872,76.815385,11.08,1,140,KHERA,11373.82608547497
922,28.694872,76.830769,9.634,1,140,KHERA,10237.403561269024
923,28.694872,76.846154,8.207,1,140,KHERA,9261.10176840738
924,28.694872,76.861538,6.812,1,140,KHERA,8520.480514598592
925,28.694872,76.876923,5.473,1,139,DICHAON KALAN,7312.478084940057
926,28.694872,76.892308,4.244,1,139,DICHAON KALAN,5887.228214000969
927,28.694872,76.907692,3.251,1,139,DICHAON KALAN,4621.245671792117
928,28.694872,76.923077,2.764,1,30,MUNDAKA,3594.69353528828
929,28.694872,76.938462,3.035,1,30,MUNDAKA,2393.8745440954312
930,28.694872,76.953846,3.91,1,30,MUNDAKA,1059.286205671534
931,28.694872,76.969231,5.086,1,30,MUNDAKA,0.0
932,28.694872,76.984615,6.4,1,30,MUNDAKA,0.0
933,28.694872,77.0,7.555,1,30,MUNDAKA,0.0
934,28.694872,77.015385,6.075,1,30,MUNDAKA,0.0
935,28.694872,77.030769,4.61,1,30,MUNDAKA,0.0
936,28.694872,77.046154,3.176,1,36,PRATAP VIHAR,0.0
937,28.694872,77.061538,1.854,1,35,KIRARI SULEMAN NAGAR,0.0
938,28.694872,77.076923,1.134,1,37,SULTANPURI  EAST,0.0
939,28.694872,77.092308,1.908,1,46,MANGOLPURI  EAST,0.0
940,28.694872,77.107692,3.24,1,60,SARASWATI VIHAR,0.0
941,28.694872,77.123077,2.442,1,60,SARASWATI VIHAR,0.0
942,28.694872,77.138462,2.427,1,63,KOHAT ENCLAVE,0.0
943,28.694872,77.153846,1.257,1,53,PITAMPURA SOUTH,0.0
944,28.694872,77.169231,0.66,0,68,ASHOK VIHAR,0.0
945,28.694872,77.184615,0.293,0,71,SANGAM PARK,0.0
946,28.694872,77.2,1.789,1,72,MODEL TOWN,0.0
947,28.694872,77.215385,2.085,1,10,TIMAR PUR,0.0
948,28.694872,77.230769,1.853,1,,,0.0
949,28.694872,77.246154,1.769,1,,,0.0
950,28.694872,77.261538,2.099,1,253,BHAJANPURA,0.0
951,28.694872,77.276923,2.925,1,258,KARDAM PURI,0.0
952,28.694872,77.292308,1.82,1,246,ASHOK NAGAR,0.0
953,28.694872,77.307692,1.444,1,244,SUNDER NAGARI,0.0
954,28.694872,77.323077,2.264,1,244,SUNDER NAGARI,0.0
955,28.694872,77.338462,3.376,1,242,NEW SEEMA PURI,1110.4744082810244
956,28.694872,77.353846,3.855,1,242,NEW SEEMA PURI,2705.7632089077856
957,28.694872,77.369231,4.014,1,242,NEW SEEMA PURI,4323.943031165239
958,28.694872,77.384615,4.106,1,240,DILSHAD COLONY,5970.612147379304
959,28.694872,77.4,4.586,1,240,DILSHAD COLONY,7629.425807314167
960,28.707692,76.8,12.927,1,140,KHERA,13734.609583466205
961,28.707692,76.815385,11.517,1,140,KHERA,12582.4037734987
962,28.707692,76.830769,10.133,1,140,KHERA,11550.58118602743
963,28.707692,76.846154,8.788,1,140,KHERA,10694.835203196237
964,28.707692,76.861538,7.502,1,139,DICHAON KALAN,9632.101869780969
965,28.707692,76.876923,6.311,1,30,MUNDAKA,7955.611167724224
966,28.707692,76.892308,5.281,1,30,MUNDAKA,6249.961489882172
967,28.707692,76.907692,4.523,1,30,MUNDAKA,4549.685011152735
968,28.707692,76.923077,4.186,1,30,MUNDAKA,2863.949558493384
969,28.707692,76.938462,4.37,1,30,MUNDAKA,1253.4444534223796
970,28.707692,76.953846,5.017,1,30,MUNDAKA,77.37925468195694
971,28.707692,76.969231,5.979,1,30,MUNDAKA,0.0
972,28.707692,76.984615,7.13,1,30,MUNDAKA,0.0
973,28.707692,77.0,7.895,1,30,MUNDAKA,0.0
974,28.707692,77.015385,6.494,1,30,MUNDAKA,0.0
975,28.707692,77.030769,5.149,1,34,NITHARI,0.0
976,28.707692,77.046154,3.918,1,34,NITHARI,0.0
977,28.707692,77.061538,2.949,1,25,POOTH KALAN,0.0
978,28.707692,77.076923,2.559,1,25,POOTH KALAN,0.0
979,28.707692,77.092308,2.984,1,24,VIJAY VIHAR,0.0
980,28.707692,77.107692,3.008,1,45,ROHINI SOUTH,0.0
981,28.707692,77.123077,2.779,1,51,ROHINI EAST,0.0
982,28.707692,77.138462,2.775,1,54,PITAMPUR NORTH,0.0
983,28.707692,77.153846,1.433,1,56,SHALIMAR BAGH SOUTH,0.0
984,28.707692,77.169231,0.952,1,56,SHALIMAR BAGH SOUTH,0.0
985,28.707692,77.184615,1.399,1,72,MODEL TOWN,0.0
986,28.707692,77.2,2.0,1,13,DHIR PUR,0.0
987,28.707692,77.215385,2.432,1,11,MUKHERJEE NAGAR,0.0
988,28.707692,77.230769,1.852,1,,,0.0
989,28.707692,77.246154,0.451,0,272,SONIA VIHAR,0.0
990,28.707692,77.261538,1.216,1,269,KHAJOORI KHAS,0.0
991,28.707692,77.276923,2.694,1,261,JIWANPUR,0.0
992,28.707692,77.292308,3.103,1,262,GOKALPUR,186.1729297014976
993,28.707692,77.307692,2.858,1,263,SABOLI,0.0
994,28.707692,77.323077,3.348,1,264,HARSH VIHAR,0.0
995,28.707692,77.338462,4.33,1,264,HARSH VIHAR,1077.334274199197
996,28.707692,77.353846,5.276,1,264,HARSH VIHAR,2650.664099556091
997,28.707692,77.369231,5.394,1,264,HARSH VIHAR,4331.041948920209
998,28.707692,77.384615,5.518,1,264,HARSH VIHAR,6029.497210618033
999,28.707692,77.4,5.885,1,264,HARSH VIHAR,7734.277251780907
1000,28.720513,76.8,13.455,1,140,KHERA,14933.145028275543
1001,28.720513,76.815385,12.107,1,140,KHERA,13864.70666563318
1002,28.720513,76.830769,10.799,1,140,KHERA,12935.5762121256
1003,28.720513,76.846154,9.548,1,30,MUNDAKA,11398.382429162932
1004,28.720513,76.861538,8.38,1,30,MUNDAKA,9693.463499148496
1005,28.720513,76.876923,7.334,1,30,MUNDAKA,7991.69328934504
1006,28.720513,76.892308,6.469,1,30,MUNDAKA,6295.826490934635
1007,28.720513,76.907692,5.866,1,30,MUNDAKA,4612.488079079663
1008,28.720513,76.923077,5.61,1,30,MUNDAKA,2962.704786599332
1009,28.720513,76.938462,5.749,1,30,MUNDAKA,1412.2801299499658
1010,28.720513,76.953846,6.255,1,30,MUNDAKA,0.0
1011,28.720513,76.969231,7.05,1,30,MUNDAKA,0.0
1012,28.720513,76.984615,8.049,1,29,KARALA,0.0
1013,28.720513,77.0,7.946,1,29,KARALA,0.0
1014,28.720513,77.015385,7.103,1,30,MUNDAKA,0.0
1015,28.720513,77.030769,5.986,1,34,NITHARI,0.0
1016,28.720513,77.046154,4.968,1,29,KARALA,0.0
1017,28.720513,77.061538,4.246,1,25,POOTH KALAN,0.0
1018,28.720513,77.076923,3.985,1,25,POOTH KALAN,0.0
1019,28.720513,77.092308,3.006,1,23,BUDH VIHAR,0.0
1020,28.720513,77.107692,1.791,1,21,ROHINI,0.0
1021,28.720513,77.123077,1.371,1,50,ROHINI CENTRAL,0.0
1022,28.720513,77.138462,2.248,1,49,ROHINI NORTH,0.0
1023,28.720513,77.153846,2.134,1,55,SHALIMAR BAGH NORTH,0.0
1024,28.720513,77.169231,1.375,1,15,SARAI PIPAL THALA,0.0
1025,28.720513,77.184615,1.711,1,13,DHIR PUR,0.0
1026,28.720513,77.2,0.582,0,13,DHIR PUR,0.0
1027,28.720513,77.215385,1.5,1,13,DHIR PUR,0.0
1028,28.720513,77.230769,2.138,1,8,JHARODA,0.0
1029,28.720513,77.246154,1.159,1,272,SONIA VIHAR,0.0
1030,28.720513,77.261538,1.618,1,271,KARAWAL NAGAR WEST,0.0
1031,28.720513,77.276923,2.097,1,266,KARAWAL NAGAR EAST,0.0
1032,28.720513,77.292308,2.757,1,261,JIWANPUR,216.12684956914785
1033,28.720513,77.307692,3.912,1,263,SABOLI,834.9921603854574
1034,28.720513,77.323077,4.621,1,264,HARSH VIHAR,865.5736601160812
1035,28.720513,77.338462,5.375,1,264,HARSH VIHAR,1296.4304431574146
1036,28.720513,77.353846,6.399,1,264,HARSH VIHAR,2747.0170957343025
1037,28.720513,77.369231,6.793,1,264,HARSH VIHAR,4390.672741037252
1038,28.720513,77.384615,6.936,1,264,HARSH VIHAR,6072.47226164366
1039,28.720513,77.4,7.231,1,264,HARSH VIHAR,7767.826424618192
1040,28.733333,76.8,14.108,1,140,KHERA,16192.911988681186
1041,28.733333,76.815385,12.829,1,29,KARALA,14599.224189137982
1042,28.733333,76.830769,11.603,1,29,KARALA,12917.713649851528
1043,28.733333,76.846154,10.449,1,29,KARALA,11245.463493456597
1044,28.733333,76.861538,9.393,1,29,KARALA,9587.594558422365
1045,28.733333,76.876923,8.473,1,29,KARALA,7952.823175430965
1046,28.733333,76.892308,7.737,1,29,KARALA,6359.17966832244
1047,28.733333,76.907692,7.24,1,29,KARALA,4847.493038247128
1048,28.733333,76.923077,7.035,1,29,KARALA,3524.5229677339858
1049,28.733333,76.938462,7.146,1,29,KARALA,2048.6925258132374
1050,28.733333,76.953846,7.559,1,29,KARALA,559.3982287054498
1051,28.733333,76.969231,8.229,1,29,KARALA,0.0
1052,28.733333,76.984615,8.043,1,29,KARALA,0.0
1053,28.733333,77.0,6.893,1,29,KARALA,0.0
1054,28.733333,77.015385,5.901,1,29,KARALA,0.0
1055,28.733333,77.030769,5.161,1,29,KARALA,0.0
1056,28.733333,77.046154,4.791,1,29,KARALA,0.0
1057,28.733333,77.061538,4.875,1,27,BEGUMPUR,0.0
1058,28.733333,77.076923,3.829,1,26,SAHIBABAD DAULAT PUR,0.0
1059,28.733333,77.092308,2.621,1,25,POOTH KALAN,0.0
1060,28.733333,77.107692,1.196,1,21,ROHINI,0.0
1061,28.733333,77.123077,0.321,0,21,ROHINI,0.0
1062,28.733333,77.138462,1.81,1,17,SAMAYPUR BADLI,0.0
1063,28.733333,77.153846,1.638,1,15,SARAI PIPAL THALA,0.0
1064,28.733333,77.169231,0.148,0,5,BHALASWA JAHAGIR PUR,0.0
1065,28.733333,77.184615,1.364,1,6,MUKUND PUR,0.0
1066,28.733333,77.2,0.862,1,8,JHARODA,0.0
1067,28.733333,77.215385,1.629,1,8,JHARODA,0.0
1068,28.733333,77.230769,3.011,1,8,JHARODA,0.0
1069,28.733333,77.246154,2.559,1,,,0.0
1070,28.733333,77.261538,1.348,1,271,KARAWAL NAGAR WEST,0.0
1071,28.733333,77.276923,0.721,0,265,SHIV VIHAR,0.0
1072,28.733333,77.292308,1.929,1,265,SHIV VIHAR,1055.3372449944052
1073,28.733333,77.307692,3.38,1,261,JIWANPUR,2308.304094258588
1074,28.733333,77.323077,4.861,1,263,SABOLI,2479.0727532285423
1075,28.733333,77.338462,6.351,1,264,HARSH VIHAR,2738.192289395003
1076,28.733333,77.353846,7.426,1,264,HARSH VIHAR,3655.553042155652
1077,28.733333,77.369231,8.201,1,264,HARSH VIHAR,5009.488221230238
1078,28.733333,77.384615,8.357,1,264,HARSH VIHAR,6533.902699626662
1079,28.733333,77.4,8.603,1,264,HARSH VIHAR,8133.639559431777
1080,28.746154,76.8,14.869,1,29,KARALA,16107.6045341057
1081,28.746154,76.815385,13.662,1,29,KARALA,14398.46322599146
1082,28.746154,76.830769,12.518,1,29,KARALA,12690.37912298436
1083,28.746154,76.846154,11.456,1,29,KARALA,10983.571619841234
1084,28.746154,76.861538,10.503,1,29,KARALA,9279.028276829791
1085,28.746154,76.876923,9.689,1,29,KARALA,7577.980786805192
1086,28.746154,76.892308,9.052,1,29,KARALA,5883.669127298226
1087,28.746154,76.907692,8.631,1,29,KARALA,4204.353113306631
1088,28.746154,76.923077,8.46,1,29,KARALA,2569.17467206906
1089,28.746154,76.938462,8.552,1,29,KARALA,1179.2439497581502
1090,28.746154,76.953846,8.9,1,29,KARALA,120.22655779714536
1091,28.746154,76.969231,8.649,1,29,KARALA,0.0
1092,28.746154,76.984615,7.289,1,29,KARALA,0.0
1093,28.746154,77.0,5.996,1,29,KARALA,0.0
1094,28.746154,77.015385,4.823,1,29,KARALA,0.0
1095,28.746154,77.030769,3.883,1,29,KARALA,0.0
1096,28.746154,77.046154,3.375,1,27,BEGUMPUR,0.0
1097,28.746154,77.061538,3.493,1,27,BEGUMPUR,0.0
1098,28.746154,77.076923,3.376,1,26,SAHIBABAD DAULAT PUR,0.0
1099,28.746154,77.092308,1.898,1,26,SAHIBABAD DAULAT PUR,0.0
1100,28.746154,77.107692,0.556,0,26,SAHIBABAD DAULAT PUR,0.0
1101,28.746154,77.123077,0.384,0,26,SAHIBABAD DAULAT PUR,0.0
1102,28.746154,77.138462,1.816,1,17,SAMAYPUR BADLI,0.0
1103,28.746154,77.153846,2.208,1,19,BHALSWA,0.0
1104,28.746154,77.169231,1.489,1,5,BHALASWA JAHAGIR PUR,0.0
1105,28.746154,77.184615,2.014,1,6,MUKUND PUR,0.0
1106,28.746154,77.2,2.283,1,6,MUKUND PUR,0.0
1107,28.746154,77.215385,2.669,1,8,JHARODA,0.0
1108,28.746154,77.230769,3.679,1,8,JHARODA,0.0
1109,28.746154,77.246154,2.793,1,272,SONIA VIHAR,0.0
1110,28.746154,77.261538,1.416,1,272,SONIA VIHAR,405.3191702770334
1111,28.746154,77.276923,0.841,1,271,KARAWAL NAGAR WEST,1274.1235667134358
1112,28.746154,77.292308,1.808,1,265,SHIV VIHAR,2119.705445135304
1113,28.746154,77.307692,3.078,1,265,SHIV VIHAR,3417.3771430155366
1114,28.746154,77.323077,4.491,1,263,SABOLI,4039.605770595922
1115,28.746154,77.338462,5.947,1,264,HARSH VIHAR,4314.441051974432
1116,28.746154,77.353846,7.421,1,264,HARSH VIHAR,4947.703772587182
1117,28.746154,77.369231,8.903,1,264,HARSH VIHAR,6017.613880592912
1118,28.746154,77.384615,9.779,1,264,HARSH VIHAR,7335.433802131171
1119,28.746154,77.4,9.99,1,264,HARSH VIHAR,8790.494699390561
1120,28.758974,76.8,15.723,1,29,KARALA,16091.380270548194
1121,28.758974,76.815385,14.587,1,29,KARALA,14380.31079130328
1122,28.758974,76.830769,13.521,1,29,KARALA,12669.779693006602
1123,28.758974,76.846154,12.545,1,29,KARALA,10959.764628514016
1124,28.758974,76.861538,11.681,1,29,KARALA,9250.83568908518
1125,28.758974,76.876923,10.955,1,29,KARALA,7543.433435076751
1126,28.758974,76.892308,10.396,1,29,KARALA,5839.105889069617
1127,28.758974,76.907692,10.032,1,29,KARALA,4141.760529728434
1128,28.758974,76.923077,9.885,1,29,KARALA,2465.411462585173
1129,28.758974,76.938462,9.964,1,29,KARALA,830.7358369289515
1130,28.758974,76.953846,9.669,1,29,KARALA,0.0
1131,28.758974,76.969231,8.204,1,29,KARALA,0.0
1132,28.758974,76.984615,6.755,1,29,KARALA,0.0
1133,28.758974,77.0,5.334,1,27,BEGUMPUR,0.0
1134,28.758974,77.015385,3.971,1,27,BEGUMPUR,0.0
1135,28.758974,77.030769,2.754,1,27,BEGUMPUR,0.0
1136,28.758974,77.046154,1.975,1,27,BEGUMPUR,0.0
1137,28.758974,77.061538,2.17,1,27,BEGUMPUR,0.0
1138,28.758974,77.076923,3.165,1,26,SAHIBABAD DAULAT PUR,0.0
1139,28.758974,77.092308,2.097,1,3,ALIPUR,0.0
1140,28.758974,77.107692,1.052,1,26,SAHIBABAD DAULAT PUR,0.0
1141,28.758974,77.123077,1.52,1,3,ALIPUR,0.0
1142,28.758974,77.138462,2.452,1,18,LIBAS PUR,0.0
1143,28.758974,77.153846,3.337,1,18,LIBAS PUR,0.0
1144,28.758974,77.169231,2.911,1,18,LIBAS PUR,0.0
1145,28.758974,77.184615,3.212,1,6,MUKUND PUR,0.0
1146,28.758974,77.2,3.707,1,7,BURARI,0.0
1147,28.758974,77.215385,3.957,1,7,BURARI,0.0
1148,28.758974,77.230769,4.685,1,8,JHARODA,0.0
1149,28.758974,77.246154,3.187,1,272,SONIA VIHAR,294.892642673768
1150,28.758974,77.261538,1.692,1,272,SONIA VIHAR,612.52799963502
1151,28.758974,77.276923,0.261,0,272,SONIA VIHAR,2182.8114408628308
1152,28.758974,77.292308,1.331,1,265,SHIV VIHAR,3450.7624819309863
1153,28.758974,77.307692,2.823,1,265,SHIV VIHAR,4471.490127938892
1154,28.758974,77.323077,4.321,1,263,SABOLI,5638.345703522856
1155,28.758974,77.338462,5.82,1,264,HARSH VIHAR,5916.222695092609
1156,28.758974,77.353846,7.319,1,264,HARSH VIHAR,6395.0319672406185
1157,28.758974,77.369231,8.818,1,264,HARSH VIHAR,7254.539134683917
1158,28.758974,77.384615,10.317,1,264,HARSH VIHAR,8380.050734106839
1159,28.758974,77.4,11.387,1,264,HARSH VIHAR,9679.331500716851
1160,28.771795,76.8,16.655,1,28,BAWANA,16170.4035808703
1161,28.771795,76.815385,15.587,1,28,BAWANA,14499.662071444252
1162,28.771795,76.830769,14.595,1,28,BAWANA,12840.0759205031
1163,28.771795,76.846154,13.696,1,29,KARALA,11175.647872372734
1164,28.771795,76.861538,12.909,1,29,KARALA,9505.610217197753
1165,28.771795,76.876923,12.256,1,29,KARALA,7853.494590499925
1166,28.771795,76.892308,11.759,1,29,KARALA,6214.793812020929
1167,28.771795,76.907692,11.439,1,29,KARALA,4623.248609613516
1168,28.771795,76.923077,11.31,1,27,BEGUMPUR,2986.062374610944
1169,28.771795,76.938462,10.987,1,27,BEGUMPUR,1362.1994818691203
1170,28.771795,76.953846,9.489,1,27,BEGUMPUR,0.0
1171,28.771795,76.969231,7.992,1,27,BEGUMPUR,0.0
1172,28.771795,76.984615,6.496,1,27,BEGUMPUR,0.0
1173,28.771795,77.0,5.002,1,27,BEGUMPUR,0.0
1174,28.771795,77.015385,3.513,1,27,BEGUMPUR,0.0
1175,28.771795,77.030769,2.039,1,27,BEGUMPUR,0.0
1176,28.771795,77.046154,0.685,0,27,BEGUMPUR,0.0
1177,28.771795,77.061538,1.131,1,27,BEGUMPUR,0.0
1178,28.771795,77.076923,2.567,1,3,ALIPUR,0.0
1179,28.771795,77.092308,3.043,1,3,ALIPUR,0.0
1180,28.771795,77.107692,2.443,1,3,ALIPUR,0.0
1181,28.771795,77.123077,2.678,1,3,ALIPUR,0.0
1182,28.771795,77.138462,3.576,1,5,BHALASWA JAHAGIR PUR,0.0
1183,28.771795,77.153846,4.521,1,5,BHALASWA JAHAGIR PUR,0.0
1184,28.771795,77.169231,4.336,1,5,BHALASWA JAHAGIR PUR,0.0
1185,28.771795,77.184615,4.543,1,7,BURARI,0.0
1186,28.771795,77.2,5.132,1,7,BURARI,0.0
1187,28.771795,77.215385,5.315,1,7,BURARI,0.0
1188,28.771795,77.230769,4.951,1,8,JHARODA,420.0266087537199
1189,28.771795,77.246154,3.567,1,,,1752.542294984418
1190,28.771795,77.261538,2.33,1,272,SONIA VIHAR,2040.574324940687
1191,28.771795,77.276923,1.623,1,272,SONIA VIHAR,2969.8946347238275
1192,28.771795,77.292308,2.082,1,272,SONIA VIHAR,4398.061761554486
1193,28.771795,77.307692,3.246,1,271,KARAWAL NAGAR WEST,5752.249181996998
1194,28.771795,77.323077,4.608,1,265,SHIV VIHAR,6831.158383178327
1195,28.771795,77.338462,6.036,1,264,HARSH VIHAR,7515.008012494009
1196,28.771795,77.353846,7.491,1,264,HARSH VIHAR,7913.126206315382
1197,28.771795,77.369231,8.962,1,264,HARSH VIHAR,8622.613904826443
1198,28.771795,77.384615,10.44,1,264,HARSH VIHAR,9588.867649584616
1199,28.771795,77.4,11.924,1,264,HARSH VIHAR,10742.932132142294
1200,28.784615,76.8,17.654,1,28,BAWANA,15911.334108797888
1201,28.784615,76.815385,16.65,1,28,BAWANA,14210.165422670176
1202,28.784615,76.830769,15.725,1,28,BAWANA,12512.240039171864
1203,28.784615,76.846154,14.895,1,28,BAWANA,10818.812449420138
1204,28.784615,76.861538,14.175,1,28,BAWANA,9132.666286091366
1205,28.784615,76.876923,13.583,1,28,BAWANA,7458.448183828905
1206,28.784615,76.892308,13.136,1,28,BAWANA,5806.689907336403
1207,28.784615,76.907692,12.85,1,28,BAWANA,4204.050526000835
1208,28.784615,76.923077,12.51,1,28,BAWANA,2737.798932384733
1209,28.784615,76.938462,11.015,1,27,BEGUMPUR,1304.9242750934188
1210,28.784615,76.953846,9.522,1,27,BEGUMPUR,0.0
1211,28.784615,76.969231,8.031,1,27,BEGUMPUR,0.0
1212,28.784615,76.984615,6.544,1,27,BEGUMPUR,0.0
1213,28.784615,77.0,5.065,1,28,BAWANA,0.0
1214,28.784615,77.015385,3.602,1,28,BAWANA,0.0
1215,28.784615,77.030769,2.189,1,28,BAWANA,0.0
1216,28.784615,77.046154,1.051,1,28,BAWANA,0.0
1217,28.784615,77.061538,1.384,1,27,BEGUMPUR,0.0
1218,28.784615,77.076923,2.687,1,3,ALIPUR,0.0
1219,28.784615,77.092308,4.126,1,3,ALIPUR,0.0
1220,28.784615,77.107692,3.859,1,3,ALIPUR,0.0
1221,28.784615,77.123077,4.012,1,3,ALIPUR,0.0
1222,28.784615,77.138462,3.698,1,3,ALIPUR,0.0
1223,28.784615,77.153846,3.416,1,5,BHALASWA JAHAGIR PUR,0.0
1224,28.784615,77.169231,3.763,1,5,BHALASWA JAHAGIR PUR,0.0
1225,28.784615,77.184615,4.599,1,4,BAKHTAWAR PUR,0.0
1226,28.784615,77.2,5.712,1,7,BURARI,0.0
1227,28.784615,77.215385,6.702,1,7,BURARI,0.0
1228,28.784615,77.230769,5.58,1,7,BURARI,0.0
1229,28.784615,77.246154,4.399,1,7,BURARI,1513.5324394714503
1230,28.784615,77.261538,3.472,1,7,BURARI,3226.0696992161484
1231,28.784615,77.276923,3.043,1,272,SONIA VIHAR,4232.169732431213
1232,28.784615,77.292308,3.311,1,272,SONIA VIHAR,5332.34786573356
1233,28.784615,77.307692,4.143,1,272,SONIA VIHAR,6694.900561714026
1234,28.784615,77.323077,5.278,1,265,SHIV VIHAR,8081.593959687954
1235,28.784615,77.338462,6.562,1,264,HARSH VIHAR,9124.25486750766
1236,28.784615,77.353846,7.921,1,264,HARSH VIHAR,9467.932032185026
1237,28.784615,77.369231,9.324,1,264,HARSH VIHAR,10068.447802948893
1238,28.784615,77.384615,10.752,1,264,HARSH VIHAR,10907.36234890225
1239,28.784615,77.4,12.198,1,264,HARSH VIHAR,11934.603529435546
1240,28.797436,76.8,18.708,1,28,BAWANA,15816.487120720443
1241,28.797436,76.815385,17.764,1,28,BAWANA,14103.882907120706
1242,28.797436,76.830769,16.9,1,28,BAWANA,12391.40276627211
1243,28.797436,76.846154,16.13,1,28,BAWANA,10678.83020437392
1244,28.797436,76.861538,15.468,1,28,BAWANA,8966.398675679684
1245,28.797436,76.876923,14.927,1,28,BAWANA,7253.906604649749
1246,28.797436,76.892308,14.522,1,28,BAWANA,5541.51237462148
1247,28.797436,76.907692,14.171,1,28,BAWANA,3829.45851828799
1248,28.797436,76.923077,12.695,1,28,BAWANA,2118.078070394842
1249,28.797436,76.938462,11.226,1,28,BAWANA,417.2522409986464
1250,28.797436,76.953846,9.765,1,28,BAWANA,0.0
1251,28.797436,76.969231,8.318,1,28,BAWANA,0.0
1252,28.797436,76.984615,6.894,1,28,BAWANA,0.0
1253,28.797436,77.0,5.509,1,28,BAWANA,0.0
1254,28.797436,77.015385,4.204,1,28,BAWANA,0.0
1255,28.797436,77.030769,3.081,1,28,BAWANA,0.0
1256,28.797436,77.046154,2.41,1,28,BAWANA,0.0
1257,28.797436,77.061538,2.572,1,28,BAWANA,0.0
1258,28.797436,77.076923,3.453,1,3,ALIPUR,0.0
1259,28.797436,77.092308,2.977,1,3,ALIPUR,0.0
1260,28.797436,77.107692,2.879,1,3,ALIPUR,0.0
1261,28.797436,77.123077,3.493,1,3,ALIPUR,0.0
1262,28.797436,77.138462,2.443,1,3,ALIPUR,0.0
1263,28.797436,77.153846,1.991,1,3,ALIPUR,0.0
1264,28.797436,77.169231,2.541,1,4,BAKHTAWAR PUR,0.0
1265,28.797436,77.184615,3.666,1,4,BAKHTAWAR PUR,0.0
1266,28.797436,77.2,4.992,1,4,BAKHTAWAR PUR,0.0
1267,28.797436,77.215385,6.395,1,4,BAKHTAWAR PUR,832.1238117583605
1268,28.797436,77.230769,6.468,1,7,BURARI,1402.0850643613994
1269,28.797436,77.246154,5.481,1,7,BURARI,2220.932484557268
1270,28.797436,77.261538,4.77,1,7,BURARI,3612.379597969999
1271,28.797436,77.276923,4.467,1,7,BURARI,5199.299099704346
1272,28.797436,77.292308,4.654,1,272,SONIA VIHAR,6544.503642498688
1273,28.797436,77.307692,5.278,1,272,SONIA VIHAR,7695.341948004917
1274,28.797436,77.323077,6.209,1,272,SONIA VIHAR,9026.254185081842
1275,28.797436,77.338462,7.331,1,265,SHIV VIHAR,10415.056850211373
1276,28.797436,77.353846,8.569,1,264,HARSH VIHAR,11044.234649930564
1277,28.797436,77.369231,9.88,1,264,HARSH VIHAR,11563.175307732645
1278,28.797436,77.384615,11.238,1,264,HARSH VIHAR,12300.566468537212
1279,28.797436,77.4,12.628,1,264,HARSH VIHAR,13219.990296572349
1280,28.810256,76.8,19.808,1,28,BAWANA,15888.880162910147
1281,28.810256,76.815385,18.919,1,28,BAWANA,14185.01889491782
1282,28.810256,76.830769,18.111,1,28,BAWANA,12483.673758448673
1283,28.810256,76.846154,17.395,1,28,BAWANA,10785.762028028092
1284,28.810256,76.861538,16.782,1,28,BAWANA,9093.48960535142
1285,28.810256,76.876923,16.286,1,28,BAWANA,7410.425697649574
1286,28.810256,76.892308,15.915,1,28,BAWANA,5744.876620910751
1287,28.810256,76.907692,14.476,1,28,BAWANA,4117.621206821911
1288,28.810256,76.923077,13.035,1,28,BAWANA,2527.8131077928247
1289,28.810256,76.938462,11.609,1,28,BAWANA,817.5974212370461
1290,28.810256,76.953846,10.203,1,28,BAWANA,0.0
1291,28.810256,76.969231,8.829,1,28,BAWANA,0.0
1292,28.810256,76.984615,7.502,1,28,BAWANA,0.0
1293,28.810256,77.0,6.254,1,28,BAWANA,0.0
1294,28.810256,77.015385,5.142,1,28,BAWANA,0.0
1295,28.810256,77.030769,4.273,1,28,BAWANA,0.0
1296,28.810256,77.046154,3.817,1,28,BAWANA,0.0
1297,28.810256,77.061538,3.922,1,3,ALIPUR,0.0
1298,28.810256,77.076923,2.814,1,3,ALIPUR,0.0
1299,28.810256,77.092308,1.687,1,3,ALIPUR,0.0
1300,28.810256,77.107692,1.505,1,3,ALIPUR,0.0
1301,28.810256,77.123077,2.486,1,3,ALIPUR,0.0
1302,28.810256,77.138462,1.526,1,4,BAKHTAWAR PUR,0.0
1303,28.810256,77.153846,0.57,0,4,BAKHTAWAR PUR,0.0
1304,28.810256,77.169231,1.678,1,4,BAKHTAWAR PUR,0.0
1305,28.810256,77.184615,3.13,1,4,BAKHTAWAR PUR,0.0
1306,28.810256,77.2,4.613,1,4,BAKHTAWAR PUR,23.03044689278691
1307,28.810256,77.215385,6.103,1,4,BAKHTAWAR PUR,0.0
1308,28.810256,77.230769,7.522,1,4,BAKHTAWAR PUR,1317.8820949256765
1309,28.810256,77.246154,6.693,1,4,BAKHTAWAR PUR,2962.021706388579
1310,28.810256,77.261538,6.124,1,4,BAKHTAWAR PUR,4545.357542940646
1311,28.810256,77.276923,5.892,1,7,BURARI,5914.326872919186
1312,28.810256,77.292308,6.035,1,7,BURARI,7404.662698559121
1313,28.810256,77.307692,6.528,1,272,SONIA VIHAR,8883.704262127167
1314,28.810256,77.323077,7.301,1,272,SONIA VIHAR,10058.587293150054
1315,28.810256,77.338462,8.276,1,272,SONIA VIHAR,11370.861788020044
1316,28.810256,77.353846,9.391,1,264,HARSH VIHAR,12633.868281995166
1317,28.810256,77.369231,10.6,1,264,HARSH VIHAR,13089.940105341757
1318,28.810256,77.384615,11.876,1,264,HARSH VIHAR,13745.670016808152
1319,28.810256,77.4,13.199,1,264,HARSH VIHAR,14574.211889688704
1320,28.823077,76.8,20.948,1,28,BAWANA,16126.332924608125
1321,28.823077,76.815385,20.109,1,28,BAWANA,14450.49694000715
1322,28.823077,76.830769,19.351,1,28,BAWANA,12784.530154501592
1323,28.823077,76.846154,18.683,1,28,BAWANA,11132.599125506727
1324,28.823077,76.861538,18.114,1,28,BAWANA,9502.297299422638
1325,28.823077,76.876923,17.655,1,28,BAWANA,7840.014791538322
1326,28.823077,76.892308,16.325,1,28,BAWANA,6175.235240806585
1327,28.823077,76.907692,14.912,1,28,BAWANA,4539.668442958497
1328,28.823077,76.923077,13.518,1,28,BAWANA,2960.4077369793126
1329,28.823077,76.938462,12.148,1,28,BAWANA,1484.3101872727027
1330,28.823077,76.953846,10.813,1,28,BAWANA,689.8599109778314
1331,28.823077,76.969231,9.527,1,28,BAWANA,0.0
1332,28.823077,76.984615,8.313,1,28,BAWANA,0.0
1333,28.823077,77.0,7.207,1,28,BAWANA,0.0
1334,28.823077,77.015385,6.266,1,28,BAWANA,0.0
1335,28.823077,77.030769,5.575,1,28,BAWANA,0.0
1336,28.823077,77.046154,5.234,1,28,BAWANA,0.0
1337,28.823077,77.061538,3.94,1,3,ALIPUR,0.0
1338,28.823077,77.076923,2.441,1,3,ALIPUR,0.0
1339,28.823077,77.092308,0.943,1,3,ALIPUR,0.0
1340,28.823077,77.107692,0.557,0,1,NARELA,0.0
1341,28.823077,77.123077,2.055,1,4,BAKHTAWAR PUR,0.0
1342,28.823077,77.138462,1.659,1,4,BAKHTAWAR PUR,0.0
1343,28.823077,77.153846,0.865,1,4,BAKHTAWAR PUR,0.0
1344,28.823077,77.169231,1.8,1,4,BAKHTAWAR PUR,0.0
1345,28.823077,77.184615,3.197,1,4,BAKHTAWAR PUR,0.0
1346,28.823077,77.2,4.658,1,4,BAKHTAWAR PUR,0.0
1347,28.823077,77.215385,6.138,1,4,BAKHTAWAR PUR,0.0
1348,28.823077,77.230769,7.624,1,4,BAKHTAWAR PUR,777.6769024713352
1349,28.823077,77.246154,7.976,1,4,BAKHTAWAR PUR,2471.137442299169
1350,28.823077,77.261538,7.505,1,4,BAKHTAWAR PUR,4180.15126639659
1351,28.823077,77.276923,7.317,1,4,BAKHTAWAR PUR,5891.32410881089
1352,28.823077,77.292308,7.432,1,4,BAKHTAWAR PUR,7603.162332312894
1353,28.823077,77.307692,7.838,1,4,BAKHTAWAR PUR,9315.187827979658
1354,28.823077,77.323077,8.493,1,4,BAKHTAWAR PUR,11027.484108665443
1355,28.823077,77.338462,9.344,1,272,SONIA VIHAR,12422.107893734488
1356,28.823077,77.353846,10.344,1,272,SONIA VIHAR,13722.027064592528
1357,28.823077,77.369231,11.453,1,264,HARSH VIHAR,14638.98906063405
1358,28.823077,77.384615,12.643,1,264,HARSH VIHAR,15228.161838084972
1359,28.823077,77.4,13.893,1,264,HARSH VIHAR,15980.022558227896
1360,28.835897,76.8,22.121,1,28,BAWANA,16521.753581823483
1361,28.835897,76.815385,21.328,1,28,BAWANA,14880.383081800212
1362,28.835897,76.830769,20.615,1,28,BAWANA,13214.830399713075
1363,28.835897,76.846154,19.989,1,28,BAWANA,11562.905970806458
1364,28.835897,76.861538,19.459,1,28,BAWANA,9928.019971736809
1365,28.835897,76.876923,18.221,1,28,BAWANA,8321.892900545517
1366,28.835897,76.892308,16.833,1,28,BAWANA,6752.994213015574
1367,28.835897,76.907692,15.467,1,28,BAWANA,5247.390072945181
1368,28.835897,76.923077,14.128,1,28,BAWANA,3843.668263908628
1369,28.835897,76.938462,12.824,1,28,BAWANA,2657.1421979397383
1370,28.835897,76.953846,11.568,1,28,BAWANA,1689.7521275818513
1371,28.835897,76.969231,10.376,1,28,BAWANA,988.9509455675392
1372,28.835897,76.984615,9.273,1,28,BAWANA,335.6046709860727
1373,28.835897,77.0,8.296,1,28,BAWANA,0.0
1374,28.835897,77.015385,7.494,1,28,BAWANA,0.0
1375,28.835897,77.030769,6.927,1,28,BAWANA,8.771866671881982
1376,28.835897,77.046154,5.629,1,2,BANKNER,0.0
1377,28.835897,77.061538,4.199,1,2,BANKNER,0.0
1378,28.835897,77.076923,2.84,1,2,BANKNER,0.0
1379,28.835897,77.092308,1.731,1,1,NARELA,0.0
1380,28.835897,77.107692,1.555,1,1,NARELA,0.0
1381,28.835897,77.123077,2.516,1,4,BAKHTAWAR PUR,0.0
1382,28.835897,77.138462,2.691,1,4,BAKHTAWAR PUR,0.0
1383,28.835897,77.153846,2.289,1,4,BAKHTAWAR PUR,0.0
1384,28.835897,77.169231,2.78,1,4,BAKHTAWAR PUR,0.0
1385,28.835897,77.184615,3.835,1,4,BAKHTAWAR PUR,0.0
1386,28.835897,77.2,5.117,1,4,BAKHTAWAR PUR,0.0
1387,28.835897,77.215385,6.493,1,4,BAKHTAWAR PUR,0.0
1388,28.835897,77.230769,7.913,1,4,BAKHTAWAR PUR,1101.3977215941395
1389,28.835897,77.246154,9.301,1,4,BAKHTAWAR PUR,2661.042091542436
1390,28.835897,77.261538,8.9,1,4,BAKHTAWAR PUR,4307.982517014007
1391,28.835897,77.276923,8.742,1,4,BAKHTAWAR PUR,5984.707644526239
1392,28.835897,77.292308,8.839,1,4,BAKHTAWAR PUR,7677.309448325573
1393,28.835897,77.307692,9.183,1,4,BAKHTAWAR PUR,9377.083912622824
1394,28.835897,77.323077,9.748,1,4,BAKHTAWAR PUR,11080.900743132364
1395,28.835897,77.338462,10.498,1,4,BAKHTAWAR PUR,12787.077946321351
1396,28.835897,77.353846,11.397,1,4,BAKHTAWAR PUR,14494.67099357859
1397,28.835897,77.369231,12.412,1,272,SONIA VIHAR,16076.950256663613
1398,28.835897,77.384615,13.518,1,264,HARSH VIHAR,16737.96894006578
1399,28.835897,77.4,14.693,1,264,HARSH VIHAR,17424.804510615657
1400,28.848718,76.8,23.322,1,28,BAWANA,16952.093205913432
1401,28.848718,76.815385,22.572,1,28,BAWANA,15317.462791624012
1402,28.848718,76.830769,21.899,1,28,BAWANA,13701.006555887196
1403,28.848718,76.846154,21.311,1,28,BAWANA,12110.887570014527
1404,28.848718,76.861538,20.15,1,28,BAWANA,10545.910992208905
1405,28.848718,76.876923,18.786,1,28,BAWANA,9023.011774629582
1406,28.848718,76.892308,17.444,1,28,BAWANA,7562.510579794229
1407,28.848718,76.907692,16.13,1,28,BAWANA,6198.799815653738
1408,28.848718,76.923077,14.851,1,28,BAWANA,4981.068602482169
1409,28.848718,76.938462,13.616,1,28,BAWANA,4048.2711985023466
1410,28.848718,76.953846,12.44,1,28,BAWANA,2971.423718880674
1411,28.848718,76.969231,11.34,1,28,BAWANA,2598.297219911418
1412,28.848718,76.984615,10.342,1,28,BAWANA,1517.541951519754
1413,28.848718,77.0,9.475,1,28,BAWANA,1209.1498697693412
1414,28.848718,77.015385,8.781,1,28,BAWANA,1077.9185548395149
1415,28.848718,77.030769,7.51,1,28,BAWANA,1464.802628386708
1416,28.848718,77.046154,6.153,1,2,BANKNER,67.88350489475093
1417,28.848718,77.061538,4.879,1,2,BANKNER,0.0
1418,28.848718,77.076923,3.774,1,2,BANKNER,0.0
1419,28.848718,77.092308,3.028,1,1,NARELA,0.0
1420,28.848718,77.107692,2.931,1,1,NARELA,0.0
1421,28.848718,77.123077,3.536,1,1,NARELA,0.0
1422,28.848718,77.138462,3.974,1,1,NARELA,0.0
1423,28.848718,77.153846,3.714,1,4,BAKHTAWAR PUR,1062.7869291007703
1424,28.848718,77.169231,4.035,1,4,BAKHTAWAR PUR,0.0
1425,28.848718,77.184615,4.823,1,4,BAKHTAWAR PUR,0.0
1426,28.848718,77.2,5.894,1,4,BAKHTAWAR PUR,0.0
1427,28.848718,77.215385,7.121,1,4,BAKHTAWAR PUR,202.58846144228056
1428,28.848718,77.230769,8.436,1,4,BAKHTAWAR PUR,1868.459201813316
1429,28.848718,77.246154,9.803,1,4,BAKHTAWAR PUR,3387.0044848930406
1430,28.848718,77.261538,10.304,1,4,BAKHTAWAR PUR,4890.475547759619
1431,28.848718,77.276923,10.168,1,4,BAKHTAWAR PUR,6445.59666338717
1432,28.848718,77.292308,10.251,1,4,BAKHTAWAR PUR,8050.071916788337
1433,28.848718,77.307692,10.549,1,4,BAKHTAWAR PUR,9691.535392550642
1434,28.848718,77.323077,11.044,1,4,BAKHTAWAR PUR,11349.467164190834
1435,28.848718,77.338462,11.711,1,4,BAKHTAWAR PUR,13020.499454214209
1436,28.848718,77.353846,12.523,1,4,BAKHTAWAR PUR,14701.004416160928
1437,28.848718,77.369231,13.454,1,4,BAKHTAWAR PUR,16388.252981022335
1438,28.848718,77.384615,14.48,1,4,BAKHTAWAR PUR,18080.16874357248
1439,28.848718,77.4,15.583,1,264,HARSH VIHAR,18899.873556883493
1440,28.861538,76.8,24.547,1,28,BAWANA,17482.674606365123
1441,28.861538,76.815385,23.835,1,28,BAWANA,15901.81199364061
1442,28.861538,76.830769,23.199,1,28,BAWANA,14338.844592120127
1443,28.861538,76.846154,22.104,1,28,BAWANA,12808.929044483308
1444,28.861538,76.861538,20.761,1,28,BAWANA,11330.742693226975
1445,28.861538,76.876923,19.44,1,28,BAWANA,9898.554451234411
1446,28.861538,76.892308,18.146,1,28,BAWANA,8556.713167495389
1447,28.861538,76.907692,16.887,1,28,BAWANA,7330.646614180619
1448,28.861538,76.923077,15.67,1,28,BAWANA,6334.374874451513
1449,28.861538,76.938462,14.505,1,28,BAWANA,5264.617604175852
1450,28.861538,76.953846,13.408,1,28,BAWANA,4462.35867954018
1451,28.861538,76.969231,12.394,1,28,BAWANA,3833.154874829238
1452,28.861538,76.984615,11.488,1,28,BAWANA,2980.458638646249
1453,28.861538,77.0,10.715,1,28,BAWANA,2766.45925765806
1454,28.861538,77.015385,9.469,1,28,BAWANA,2697.725443610412
1455,28.861538,77.030769,8.163,1,2,BANKNER,2383.522705127184
1456,28.861538,77.046154,6.935,1,2,BANKNER,721.9704477376047
1457,28.861538,77.061538,5.834,1,2,BANKNER,0.0
1458,28.861538,77.076923,4.947,1,2,BANKNER,0.0
1459,28.861538,77.092308,4.405,1,2,BANKNER,0.0
1460,28.861538,77.107692,4.339,1,2,BANKNER,0.0
1461,28.861538,77.123077,4.769,1,1,NARELA,297.5164662398799
1462,28.861538,77.138462,5.33,1,1,NARELA,0.0
1463,28.861538,77.153846,5.139,1,1,NARELA,1345.3124070850097
1464,28.861538,77.169231,5.376,1,4,BAKHTAWAR PUR,680.0727436717048
1465,28.861538,77.184615,5.99,1,4,BAKHTAWAR PUR,457.7734502548162
1466,28.861538,77.2,6.881,1,4,BAKHTAWAR PUR,296.2475709736353
1467,28.861538,77.215385,7.957,1,4,BAKHTAWAR PUR,629.6555281333782
1468,28.861538,77.230769,9.153,1,4,BAKHTAWAR PUR,2173.777608904624
1469,28.861538,77.246154,10.427,1,4,BAKHTAWAR PUR,3845.0446550103406
1470,28.861538,77.261538,11.713,1,4,BAKHTAWAR PUR,5500.743702954508
1471,28.861538,77.276923,11.593,1,4,BAKHTAWAR PUR,7158.280656542462
1472,28.861538,77.292308,11.666,1,4,BAKHTAWAR PUR,8683.093326235974
1473,28.861538,77.307692,11.929,1,4,BAKHTAWAR PUR,10236.419497103368
1474,28.861538,77.323077,12.368,1,4,BAKHTAWAR PUR,11822.627856739698
1475,28.861538,77.338462,12.968,1,4,BAKHTAWAR PUR,13439.907637651466
1476,28.861538,77.353846,13.705,1,4,BAKHTAWAR PUR,15078.15705502398
1477,28.861538,77.369231,14.56,1,4,BAKHTAWAR PUR,16730.48272933087
1478,28.861538,77.384615,15.513,1,4,BAKHTAWAR PUR,18390.94120436761
1479,28.861538,77.4,16.548,1,4,BAKHTAWAR PUR,20060.26737380359
1480,28.874359,76.8,25.792,1,28,BAWANA,18131.950245334585
1481,28.874359,76.815385,25.117,1,28,BAWANA,16598.23830799231
1482,28.874359,76.830769,24.078,1,28,BAWANA,15103.133548324548
1483,28.874359,76.846154,22.752,1,28,BAWANA,13646.26606098496
1484,28.874359,76.861538,21.449,1,28,BAWANA,12245.50665651901
1485,28.874359,76.876923,20.173,1,28,BAWANA,10917.49453683873
1486,28.874359,76.892308,18.93,1,28,BAWANA,9687.378821440543
1487,28.874359,76.907692,17.727,1,28,BAWANA,8623.592521757018
1488,28.874359,76.923077,16.571,1,28,BAWANA,7598.69424013955
1489,28.874359,76.938462,15.475,1,28,BAWANA,6652.340410492326
1490,28.874359,76.953846,14.451,1,28,BAWANA,6025.760278473554
1491,28.874359,76.969231,13.517,1,28,BAWANA,5199.244626091063
1492,28.874359,76.984615,12.69,1,28,BAWANA,4535.090243467308
1493,28.874359,77.0,11.466,1,28,BAWANA,4359.068540627112
1494,28.874359,77.015385,10.196,1,28,BAWANA,4315.396246193765
1495,28.874359,77.030769,8.996,1,2,BANKNER,3000.936247170902
1496,28.874359,77.046154,7.899,1,2,BANKNER,1574.5168304055542
1497,28.874359,77.061538,6.953,1,2,BANKNER,448.53144940259085
1498,28.874359,77.076923,6.227,1,2,BANKNER,222.4717566171219
1499,28.874359,77.092308,5.806,1,1,NARELA,199.1120015999633
1500,28.874359,77.107692,5.756,1,1,NARELA,591.9403635461932
1501,28.874359,77.123077,6.086,1,1,NARELA,1481.5421339165623
1502,28.874359,77.138462,6.715,1,1,NARELA,1531.5543220213124
1503,28.874359,77.153846,6.564,1,1,NARELA,2195.277275955373
1504,28.874359,77.169231,6.751,1,4,BAKHTAWAR PUR,2115.728600138661
1505,28.874359,77.184615,7.25,1,4,BAKHTAWAR PUR,2075.7893158198967
1506,28.874359,77.2,8.002,1,4,BAKHTAWAR PUR,1924.6992342667984
1507,28.874359,77.215385,8.944,1,4,BAKHTAWAR PUR,2093.253344870573
1508,28.874359,77.230769,10.022,1,4,BAKHTAWAR PUR,2992.7392008380007
1509,28.874359,77.246154,11.198,1,4,BAKHTAWAR PUR,4378.519493874947
1510,28.874359,77.261538,12.443,1,4,BAKHTAWAR PUR,5937.296072040423
1511,28.874359,77.276923,13.018,1,4,BAKHTAWAR PUR,7562.413020098757
1512,28.874359,77.292308,13.083,1,4,BAKHTAWAR PUR,9214.727288525211
1513,28.874359,77.307692,13.318,1,4,BAKHTAWAR PUR,10879.316778487551
1514,28.874359,77.323077,13.713,1,4,BAKHTAWAR PUR,12476.054653779183
1515,28.874359,77.338462,14.256,1,4,BAKHTAWAR PUR,14028.66186670735
1516,28.874359,77.353846,14.93,1,4,BAKHTAWAR PUR,15605.225299167463
1517,28.874359,77.369231,15.719,1,4,BAKHTAWAR PUR,17207.903658124033
1518,28.874359,77.384615,16.605,1,4,BAKHTAWAR PUR,18829.848443201103
1519,28.874359,77.4,17.575,1,4,BAKHTAWAR PUR,20466.66528439364
1520,28.887179,76.8,27.056,1,28,BAWANA,18883.41443059439
1521,28.887179,76.815385,26.065,1,28,BAWANA,17413.704926367325
1522,28.887179,76.830769,24.755,1,28,BAWANA,15976.152037054377
1523,28.887179,76.846154,23.468,1,28,BAWANA,14597.971789092397
1524,28.887179,76.861538,22.207,1,28,BAWANA,13279.526847222263
1525,28.887179,76.876923,20.978,1,28,BAWANA,12047.120494248138
1526,28.887179,76.892308,19.786,1,28,BAWANA,10944.71258969941
1527,28.887179,76.907692,18.638,1,28,BAWANA,9947.046216554694
1528,28.887179,76.923077,17.543,1,28,BAWANA,8927.207523087236
1529,28.887179,76.938462,16.511,1,28,BAWANA,8121.824910694325
1530,28.887179,76.953846,15.556,1,28,BAWANA,7477.627146199175
1531,28.887179,76.969231,14.692,1,28,BAWANA,6653.369320062555
1532,28.887179,76.984615,13.485,1,28,BAWANA,6128.948065131617
1533,28.887179,77.0,12.241,1,28,BAWANA,5971.825187406518
1534,28.887179,77.015385,11.06,1,2,BANKNER,5342.45406620485
1535,28.887179,77.030769,9.964,1,2,BANKNER,3916.5688840214816
1536,28.887179,77.046154,8.986,1,2,BANKNER,2664.1501775944034
1537,28.887179,77.061538,8.167,1,2,BANKNER,2076.720138748677
1538,28.887179,77.076923,7.559,1,2,BANKNER,791.5499972714344
1539,28.887179,77.092308,7.216,1,2,BANKNER,929.3149586156694
1540,28.887179,77.107692,7.176,1,1,NARELA,2171.446004197235
1541,28.887179,77.123077,7.444,1,1,NARELA,2636.047005596918
1542,28.887179,77.138462,7.988,1,1,NARELA,3106.7981772540043
1543,28.887179,77.153846,7.99,1,1,NARELA,3538.148845867637
1544,28.887179,77.169231,8.144,1,4,BAKHTAWAR PUR,3702.0987941716025
1545,28.887179,77.184615,8.562,1,4,BAKHTAWAR PUR,3694.640199647964
1546,28.887179,77.2,9.207,1,4,BAKHTAWAR PUR,3553.2248169751147
1547,28.887179,77.215385,10.037,1,4,BAKHTAWAR PUR,3672.891760635385
1548,28.887179,77.230769,11.008,1,4,BAKHTAWAR PUR,4274.087182982533
1549,28.887179,77.246154,12.088,1,4,BAKHTAWAR PUR,5356.680771987425
1550,28.887179,77.261538,13.25,1,4,BAKHTAWAR PUR,6691.343705251098
1551,28.887179,77.276923,14.444,1,4,BAKHTAWAR PUR,8168.312519469707
1552,28.887179,77.292308,14.502,1,4,BAKHTAWAR PUR,9722.907013902712
1553,28.887179,77.307692,14.714,1,4,BAKHTAWAR PUR,11323.094760604616
1554,28.887179,77.323077,15.073,1,4,BAKHTAWAR PUR,12952.133074751597
1555,28.887179,77.338462,15.569,1,4,BAKHTAWAR PUR,14597.333560320902
1556,28.887179,77.353846,16.188,1,4,BAKHTAWAR PUR,16256.221167155634
1557,28.887179,77.369231,16.918,1,4,BAKHTAWAR PUR,17821.26369128231
1558,28.887179,77.384615,17.745,1,4,BAKHTAWAR PUR,19391.97472257175
1559,28.887179,77.4,18.655,1,4,BAKHTAWAR PUR,20984.99175864366
1560,28.9,76.8,28.064,1,28,BAWANA,19730.83734271664
1561,28.9,76.815385,26.768,1,28,BAWANA,18314.938844800425
1562,28.9,76.830769,25.495,1,28,BAWANA,16953.975921218793
1563,28.9,76.846154,24.247,1,28,BAWANA,15642.35260373908
1564,28.9,76.861538,23.029,1,28,BAWANA,14408.564538602996
1565,28.9,76.876923,21.846,1,28,BAWANA,13281.340707169757
1566,28.9,76.892308,20.704,1,28,BAWANA,12290.14371145088
1567,28.9,76.907692,19.61,1,28,BAWANA,11234.64635747357
1568,28.9,76.923077,18.573,1,28,BAWANA,10334.581857978314
1569,28.9,76.938462,17.602,1,28,BAWANA,9643.291341923774
1570,28.9,76.953846,16.709,1,28,BAWANA,8881.714944161504
1571,28.9,76.969231,15.516,1,28,BAWANA,8159.776688633945
1572,28.9,76.984615,14.292,1,28,BAWANA,7738.128758576255
1573,28.9,77.0,13.124,1,28,BAWANA,7592.2010894019695
1574,28.9,77.015385,12.031,1,2,BANKNER,6275.119387056398
1575,28.9,77.030769,11.032,1,2,BANKNER,5017.531277996691
1576,28.9,77.046154,10.158,1,2,BANKNER,4065.0163054980303
1577,28.9,77.061538,9.441,1,2,BANKNER,3151.15484848104
1578,28.9,77.076923,8.921,1,2,BANKNER,2193.318975471865
1579,28.9,77.092308,8.632,1,2,BANKNER,2357.511808782852
1580,28.9,77.107692,8.598,1,2,BANKNER,3286.663025268766
1581,28.9,77.123077,8.823,1,1,NARELA,4089.131581054326
1582,28.9,77.138462,9.287,1,1,NARELA,4710.539636179729
1583,28.9,77.153846,9.415,1,1,NARELA,5052.224198991963
1584,28.9,77.169231,9.547,1,4,BAKHTAWAR PUR,5315.154735641778
1585,28.9,77.184615,9.905,1,4,BAKHTAWAR PUR,5301.165546693617
1586,28.9,77.2,10.468,1,4,BAKHTAWAR PUR,5182.078510419285
1587,28.9,77.215385,11.205,1,4,BAKHTAWAR PUR,5265.523677484854
1588,28.9,77.230769,12.083,1,4,BAKHTAWAR PUR,5733.965591407639
1589,28.9,77.246154,13.074,1,4,BAKHTAWAR PUR,6583.046623406421
1590,28.9,77.261538,14.155,1,4,BAKHTAWAR PUR,7720.935308182246
1591,28.9,77.276923,15.306,1,4,BAKHTAWAR PUR,9031.062554708462
1592,28.9,77.292308,15.923,1,4,BAKHTAWAR PUR,10458.1873310976
1593,28.9,77.307692,16.116,1,4,BAKHTAWAR PUR,11960.402853121775
1594,28.9,77.323077,16.444,1,4,BAKHTAWAR PUR,13512.850609479654
1595,28.9,77.338462,16.899,1,4,BAKHTAWAR PUR,15099.979116894034
1596,28.9,77.353846,17.472,1,4,BAKHTAWAR PUR,16711.80498794292
1597,28.9,77.369231,18.15,1,4,BAKHTAWAR PUR,18342.000095175223
1598,28.9,77.384615,18.923,1,4,BAKHTAWAR PUR,19983.989442672217
1599,28.9,77.4,19.779,1,4,BAKHTAWAR PUR,21614.207043614697
