rank,source_id,source_type,source_name,Ward_Name,Ward_No,merged_sources,latitude,longitude,priority,impact,reach,peak_aqi,mean_aqi,confidence,basis,recommended_team,action,evidence,generated_at
1,CONSTRUCTION_96,Construction/Dust,Construction site - BHATI,BHATI,176,1,28.40445920325049,77.25819376238329,98.52759457556782,168.1012191033502,12,169.2,139.73333333333332,0.31666666666666665,proxy_influence_index,Dust Control Team,"Verify dust screens, water sprinkling and covered material storage","Construction site - BHATI; affects 12 cell(s); peak AQI 169; proxy influence index 86.0 - presence, not emissions; engine confidence 32%",2026-08-23T18:17:56+00:00
2,INTERSECTION_6174,Intersection,Road junction - AYA NAGAR,AYA NAGAR,175,1,28.430384600000004,77.00543150000001,98.49296129125779,41.53411939859992,4,173.8,120.7,0.305,modelled_pm25_contribution,Traffic Enforcement Team,Signal-timing review and anti-idling enforcement at the junction,Road junction - AYA NAGAR; affects 4 cell(s); peak AQI 174; modelled contribution 29.19; engine confidence 30%,2026-08-23T18:17:56+00:00
3,INTERSECTION_6173,Intersection,Road junction - AYA NAGAR,AYA NAGAR,175,3,28.424240500000007,77.0002767,97.87467467873486,37.70652480510862,3,173.8,126.66666666666667,0.3,modelled_pm25_contribution,Traffic Enforcement Team,Signal-timing review and anti-idling enforcement at the junction,Road junction - AYA NAGAR; affects 3 cell(s); peak AQI 174; modelled contribution 21.11; engine confidence 30%,2026-08-23T18:17:56+00:00
4,INDUSTRY_259,Industry,Industrial site - BHATI,BHATI,176,1,28.398277733941743,77.22981550219798,97.77151219911578,260.6898891142116,12,161.3,138.04999999999998,0.31583333333333335,proxy_influence_index,Industrial Compliance Team,Stack inspection and consent-to-operate verification,"Industrial site - BHATI; affects 12 cell(s); peak AQI 161; proxy influence index 131.8 - presence, not emissions; engine confidence 32%",2026-08-23T18:17:56+00:00
5,INTERSECTION_476376,Intersection,Road junction - MUNDAKA,MUNDAKA,30,2,28.76179280000001,76.8620695,97.42976252378818,65.48965396975454,10,151.7,127.64000000000001,0.306,modelled_pm25_contribution,Traffic Enforcement Team,Signal-timing review and anti-idling enforcement at the junction,Road junction - MUNDAKA; affects 10 cell(s); peak AQI 152; modelled contribution 32.74; engine confidence 31%,2026-08-23T18:17:56+00:00
6,INTERSECTION_482726,Intersection,Road junction - GHAROLI,GHAROLI,216,2,28.650814,77.3623452,97.4254479027168,32.53458136266532,4,161.3,118.92500000000001,0.3,modelled_pm25_contribution,Traffic Enforcement Team,Signal-timing review and anti-idling enforcement at the junction,Road junction - GHAROLI; affects 4 cell(s); peak AQI 161; modelled contribution 21.44; engine confidence 30%,2026-08-23T18:17:56+00:00
7,INTERSECTION_476342,Intersection,Road junction - KARALA,KARALA,29,2,28.7775241,76.8714666,97.19921497335591,40.21433547655565,12,151.7,127.53333333333332,0.3016666666666667,modelled_pm25_contribution,Traffic Enforcement Team,Signal-timing review and anti-idling enforcement at the junction,Road junction - KARALA; affects 12 cell(s); peak AQI 152; modelled contribution 20.11; engine confidence 30%,2026-08-23T18:17:56+00:00
8,INTERSECTION_476341,Intersection,Road junction - KARALA,KARALA,29,1,28.7774398,76.8714225,97.13109865163729,39.26320326279346,11,151.7,125.74545454545455,0.3018181818181818,modelled_pm25_contribution,Traffic Enforcement Team,Signal-timing review and anti-idling enforcement at the junction,Road junction - KARALA; affects 11 cell(s); peak AQI 152; modelled contribution 19.63; engine confidence 30%,2026-08-23T18:17:56+00:00
9,INTERSECTION_721782,Intersection,Road junction - MUNDAKA,MUNDAKA,30,4,28.7603203,77.0158272,97.0865610566674,42.617170902175324,7,151.7,128.28571428571428,0.3,modelled_pm25_contribution,Traffic Enforcement Team,Signal-timing review and anti-idling enforcement at the junction,Road junction - MUNDAKA; affects 7 cell(s); peak AQI 152; modelled contribution 21.31; engine confidence 30%,2026-08-23T18:17:56+00:00
10,INDUSTRY_138,Industry,Industrial site - DILSHAD COLONY,DILSHAD COLONY,240,1,28.73452689262828,77.31301202054338,97.04939004421156,113.55593694299674,18,161.4,131.0,0.34055555555555556,proxy_influence_index,Industrial Compliance Team,Stack inspection and consent-to-operate verification,"Industrial site - DILSHAD COLONY; affects 18 cell(s); peak AQI 161; proxy influence index 56.8 - presence, not emissions; engine confidence 34%",2026-08-23T18:17:56+00:00
11,INDUSTRY_136,Industry,Industrial site - DILSHAD COLONY,DILSHAD COLONY,240,1,28.72669118130092,77.33049230498976,96.84777714098576,113.03673733792314,18,161.4,137.79444444444445,0.3377777777777778,proxy_influence_index,Industrial Compliance Team,Stack inspection and consent-to-operate verification,"Industrial site - DILSHAD COLONY; affects 18 cell(s); peak AQI 161; proxy influence index 56.5 - presence, not emissions; engine confidence 34%",2026-08-23T18:17:56+00:00
12,ROAD_520788,Traffic/Road,Delhi Western Peripheral Expressway,KHERA,140,1,28.72694730732636,76.84468215954709,96.37885777151571,28.640510753910604,5,152.5,124.62,0.314,modelled_pm25_contribution,Traffic Enforcement Team,Deploy traffic marshals; enforce lane discipline and idling ban,Delhi Western Peripheral Expressway; affects 5 cell(s); peak AQI 152; modelled contribution 14.32 (placeholder emission factors); engine confidence 31%,2026-08-23T18:17:56+00:00
13,CONSTRUCTION_86,Construction/Dust,Construction site - KISHANGARH,KISHANGARH,172,1,28.531784006878755,77.10716042230064,95.74449312682944,129.93859554906913,8,161.3,102.4375,0.335,proxy_influence_index,Dust Control Team,"Verify dust screens, water sprinkling and covered material storage","Construction site - KISHANGARH; affects 8 cell(s); peak AQI 161; proxy influence index 76.2 - presence, not emissions; engine confidence 34%",2026-08-23T18:17:56+00:00
14,ROAD_915423,Traffic/Road,Grand Trunk Road,BHALASWA JAHAGIR PUR,5,1,28.776443102712754,77.14251753516054,94.17820298778253,12.87250883537465,3,161.3,123.60000000000001,0.34,modelled_pm25_contribution,Traffic Enforcement Team,Deploy traffic marshals; enforce lane discipline and idling ban,Grand Trunk Road; affects 3 cell(s); peak AQI 161; modelled contribution 7.35 (placeholder emission factors); engine confidence 34%,2026-08-23T18:17:56+00:00
15,INDUSTRY_77,Industry,Industrial site - DICHAON KALAN,DICHAON KALAN,139,1,28.668762187851453,76.96380981405812,93.88007614213198,110.09006907113034,8,160.6,129.3375,0.318125,proxy_influence_index,Industrial Compliance Team,Stack inspection and consent-to-operate verification,"Industrial site - DICHAON KALAN; affects 8 cell(s); peak AQI 161; proxy influence index 59.7 - presence, not emissions; engine confidence 32%",2026-08-23T18:17:56+00:00
16,INDUSTRY_243,Industry,Industrial site - NARELA,NARELA,1,1,28.881574700150736,77.14105597537161,93.79769117406256,166.779419610715,22,125.0,108.95454545454545,0.3277272727272727,proxy_influence_index,Industrial Compliance Team,Stack inspection and consent-to-operate verification,"Industrial site - NARELA; affects 22 cell(s); peak AQI 125; proxy influence index 88.1 - presence, not emissions; engine confidence 33%",2026-08-23T18:17:56+00:00
17,INDUSTRY_76,Industry,Industrial site - KAPASHERA,KAPASHERA,143,1,28.52690544565329,77.05475312539603,93.59014245947273,111.41929966437385,6,161.2,128.08333333333334,0.3383333333333333,proxy_influence_index,Industrial Compliance Team,Stack inspection and consent-to-operate verification,"Industrial site - KAPASHERA; affects 6 cell(s); peak AQI 161; proxy influence index 55.7 - presence, not emissions; engine confidence 34%",2026-08-23T18:17:56+00:00
18,INDUSTRY_111,Industry,Industrial site - HARSH VIHAR,HARSH VIHAR,264,1,28.753427784970118,77.31354715712759,93.50519895202227,96.90100327897412,23,157.0,112.14347826086957,0.3347826086956522,proxy_influence_index,Industrial Compliance Team,Stack inspection and consent-to-operate verification,"Industrial site - HARSH VIHAR; affects 23 cell(s); peak AQI 157; proxy influence index 60.0 - presence, not emissions; engine confidence 33%",2026-08-23T18:17:56+00:00
19,ROAD_45808,Traffic/Road,Grand Trunk Road,SAMAYPUR BADLI,17,1,28.75916136137319,77.14752955673096,91.5096576981722,20.847975743976175,5,124.1,104.34,0.32,modelled_pm25_contribution,Traffic Enforcement Team,Deploy traffic marshals; enforce lane discipline and idling ban,Grand Trunk Road; affects 5 cell(s); peak AQI 124; modelled contribution 11.72 (placeholder emission factors); engine confidence 32%,2026-08-23T18:17:56+00:00
20,CONSTRUCTION_1,Construction/Dust,Construction site - DELHI CANTT CHARGE 6,DELHI CANTT CHARGE 6,CANT_6,1,28.571146813090973,77.05884897494552,89.65777724258031,114.48839545782232,4,157.0,104.8,0.3325,proxy_influence_index,Dust Control Team,"Verify dust screens, water sprinkling and covered material storage","Construction site - DELHI CANTT CHARGE 6; affects 4 cell(s); peak AQI 157; proxy influence index 63.1 - presence, not emissions; engine confidence 33%",2026-08-23T18:17:56+00:00
